Store_ID,Product_ID,Stock_On_Hand,Inventory_Cost_Value,Inventory_Retail_Value,Out_of_Stock_Flag,Recent_90D_Units,Avg_Daily_Units,Days_of_Inventory
1,1,27,269.73,431.73,0,107,1.19,22.7
1,2,0,0.0,0.0,1,123,1.37,0.0
1,3,32,63.68,127.68,0,247,2.74,11.7
1,4,6,59.94,77.94,0,27,0.3,20.0
1,5,0,0.0,0.0,1,25,0.28,0.0
1,6,79,552.21,1184.21,0,358,3.98,19.9
1,7,5,59.95,79.95,0,49,0.54,9.2
1,8,63,251.37,440.37,0,288,3.2,19.7
1,9,12,119.88,131.88,0,148,1.64,7.3
1,10,22,241.78,329.78000000000003,0,47,0.52,42.1
1,11,19,208.81,398.80999999999995,0,76,0.84,22.5
1,12,3,26.97,35.97,0,52,0.58,5.2
1,13,12,179.88,251.88,0,23,0.26,47.0
1,14,3,17.97,32.97,0,18,0.2,15.0
1,15,2,7.98,11.98,0,26,0.29,6.9
1,16,8,23.92,79.92,0,7,0.08,102.9
1,17,7,97.93,139.92999999999998,0,77,0.86,8.2
1,18,11,384.89000000000004,439.89000000000004,0,71,0.79,13.9
1,19,25,349.75,399.75,0,331,3.68,6.8
1,20,11,98.89,274.89,0,0,0.0,
1,21,21,146.79,209.79,0,97,1.08,19.5
1,22,2,27.98,39.98,0,27,0.3,6.7
1,23,1,4.99,9.99,0,73,0.81,1.2
1,24,9,134.91,179.91,0,114,1.27,7.1
1,25,54,107.46,161.46,0,339,3.77,14.3
1,26,13,272.87,324.87,0,0,0.0,
1,27,33,131.67000000000002,164.67000000000002,0,46,0.51,64.6
1,28,10,39.900000000000006,109.9,0,117,1.3,7.7
1,29,4,35.96,79.96,0,33,0.37,10.9
1,30,44,791.56,879.56,0,91,1.01,43.5
1,31,7,55.93,62.93,0,76,0.84,8.3
1,32,4,47.96,59.96,0,36,0.4,10.0
1,33,2,21.98,25.98,0,15,0.17,12.0
1,34,0,0.0,0.0,1,53,0.59,0.0
1,35,12,47.88,95.88,0,0,0.0,
2,1,0,0.0,0.0,1,121,1.34,0.0
2,2,6,59.94,77.94,0,81,0.9,6.7
2,3,18,35.82,71.82000000000001,0,425,4.72,3.8
2,6,6,41.94,89.94,0,97,1.08,5.6
2,7,14,167.86,223.86,0,49,0.54,25.7
2,8,76,303.24,531.24,0,251,2.79,27.3
2,9,0,0.0,0.0,1,131,1.46,0.0
2,10,10,109.9,149.9,0,46,0.51,19.6
2,11,0,0.0,0.0,1,20,0.22,0.0
2,12,2,17.98,23.98,0,41,0.46,4.4
2,13,3,44.97,62.97,0,58,0.64,4.7
2,14,21,125.79,230.79,0,86,0.96,22.0
2,15,20,79.80000000000001,119.80000000000001,0,45,0.5,40.0
2,17,12,167.88,239.88,0,80,0.89,13.5
2,18,38,1329.6200000000001,1519.6200000000001,0,150,1.67,22.8
2,19,35,489.65000000000003,559.65,0,209,2.32,15.1
2,21,20,139.8,199.8,0,118,1.31,15.3
2,23,8,39.92,79.92,0,34,0.38,21.2
2,24,39,584.61,779.6099999999999,0,93,1.03,37.7
2,25,32,63.68,95.68,0,252,2.8,11.4
2,26,12,251.88,299.88,0,21,0.23,51.4
2,27,30,119.7,149.70000000000002,0,38,0.42,71.1
2,28,2,7.98,21.98,0,48,0.53,3.8
2,29,5,44.95,99.94999999999999,0,13,0.14,34.6
2,30,50,899.4999999999999,999.4999999999999,0,103,1.14,43.7
2,31,18,143.82,161.82,0,15,0.17,108.0
2,32,10,119.9,149.9,0,10,0.11,90.0
2,33,11,120.89,142.89000000000001,0,2,0.02,495.0
2,34,18,377.82,467.82,0,24,0.27,67.5
3,1,17,169.83,271.83,0,55,0.61,27.8
3,2,8,79.92,103.92,0,206,2.29,3.5
3,3,35,69.65,139.65,0,270,3.0,11.7
3,6,21,146.79,314.79,0,175,1.94,10.8
3,7,8,95.92,127.92,0,53,0.59,13.6
3,8,44,175.56,307.56,0,249,2.77,15.9
3,9,4,39.96,43.96,0,226,2.51,1.6
3,10,54,593.46,809.46,0,36,0.4,135.0
3,11,13,142.87,272.87,0,14,0.16,83.6
3,12,4,35.96,47.96,0,15,0.17,24.0
3,13,8,119.92,167.92,0,32,0.36,22.5
3,14,4,23.96,43.96,0,123,1.37,2.9
3,15,0,0.0,0.0,1,98,1.09,0.0
3,17,1,13.99,19.99,0,24,0.27,3.8
3,18,52,1819.48,2079.48,0,20,0.22,234.0
3,19,33,461.67,527.67,0,243,2.7,12.2
3,21,3,20.97,29.97,0,23,0.26,11.7
3,23,13,64.87,129.87,0,24,0.27,48.8
3,24,15,224.85,299.84999999999997,0,72,0.8,18.8
3,25,44,87.56,131.56,0,266,2.96,14.9
3,26,13,272.87,324.87,0,11,0.12,106.4
3,27,23,91.77000000000001,114.77000000000001,0,52,0.58,39.8
3,28,10,39.900000000000006,109.9,0,61,0.68,14.8
3,29,0,0.0,0.0,1,23,0.26,0.0
3,30,43,773.5699999999999,859.5699999999999,0,120,1.33,32.2
3,31,29,231.71,260.71,0,80,0.89,32.6
3,32,4,47.96,59.96,0,0,0.0,
3,33,4,43.96,51.96,0,15,0.17,24.0
3,34,7,146.92999999999998,181.92999999999998,0,28,0.31,22.5
4,1,2,19.98,31.98,0,60,0.67,3.0
4,2,18,179.82,233.82,0,39,0.43,41.5
4,3,6,11.94,23.94,0,239,2.66,2.3
4,4,2,19.98,25.98,0,72,0.8,2.5
4,5,14,111.86,139.86,0,35,0.39,36.0
4,6,44,307.56,659.5600000000001,0,372,4.13,10.6
4,7,9,107.91,143.91,0,73,0.81,11.1
4,8,15,59.85,104.85000000000001,0,282,3.13,4.8
4,9,27,269.73,296.73,0,188,2.09,12.9
4,10,8,87.92,119.92,0,95,1.06,7.6
4,11,3,32.97,62.97,0,38,0.42,7.1
4,12,7,62.93,83.93,0,82,0.91,7.7
4,13,4,59.96,83.96,0,62,0.69,5.8
4,14,4,23.96,43.96,0,88,0.98,4.1
4,15,9,35.910000000000004,53.910000000000004,0,63,0.7,12.9
4,16,8,23.92,79.92,0,11,0.12,65.5
4,17,2,27.98,39.98,0,11,0.12,16.4
4,18,17,594.83,679.83,0,199,2.21,7.7
4,19,2,27.98,31.98,0,391,4.34,0.5
4,20,13,116.87,324.87,0,53,0.59,22.1
4,21,24,167.76,239.76,0,129,1.43,16.7
4,22,5,69.95,99.94999999999999,0,26,0.29,17.3
4,23,26,129.74,259.74,0,74,0.82,31.6
4,24,20,299.8,399.79999999999995,0,89,0.99,20.2
4,25,18,35.82,53.82000000000001,0,529,5.88,3.1
4,26,10,209.89999999999998,249.89999999999998,0,5,0.06,180.0
4,27,19,75.81,94.81,0,59,0.66,29.0
4,28,6,23.94,65.94,0,55,0.61,9.8
4,29,20,179.8,399.79999999999995,0,50,0.56,36.0
4,30,28,503.71999999999997,559.7199999999999,0,115,1.28,21.9
4,31,35,279.65000000000003,314.65000000000003,0,84,0.93,37.5
4,32,6,71.94,89.94,0,37,0.41,14.6
4,33,2,21.98,25.98,0,0,0.0,
4,34,0,0.0,0.0,1,31,0.34,0.0
4,35,4,15.96,31.96,0,33,0.37,10.9
5,1,8,79.92,127.92,0,41,0.46,17.6
5,2,14,139.86,181.86,0,26,0.29,48.5
5,3,3,5.97,11.97,0,223,2.48,1.2
5,6,12,83.88,179.88,0,131,1.46,8.2
5,7,30,359.7,479.7,0,71,0.79,38.0
5,8,27,107.73,188.73000000000002,0,172,1.91,14.1
5,9,31,309.69,340.69,0,107,1.19,26.1
5,10,39,428.61,584.61,0,129,1.43,27.2
5,11,0,0.0,0.0,1,46,0.51,0.0
5,12,0,0.0,0.0,1,52,0.58,0.0
5,13,17,254.83,356.83,0,38,0.42,40.3
5,14,14,83.86,153.86,0,75,0.83,16.8
5,15,0,0.0,0.0,1,61,0.68,0.0
5,17,7,97.93,139.92999999999998,0,82,0.91,7.7
5,18,9,314.91,359.91,0,124,1.38,6.5
5,19,18,251.82,287.82,0,203,2.26,8.0
5,21,0,0.0,0.0,1,277,3.08,0.0
5,23,11,54.89,109.89,0,34,0.38,29.1
5,24,60,899.4,1199.3999999999999,0,28,0.31,192.9
5,25,9,17.91,26.910000000000004,0,329,3.66,2.5
5,26,4,83.96,99.96,0,7,0.08,51.4
5,27,45,179.55,224.55,0,34,0.38,119.1
5,28,0,0.0,0.0,1,34,0.38,0.0
5,29,8,71.92,159.92,0,9,0.1,80.0
5,30,39,701.6099999999999,779.6099999999999,0,91,1.01,38.6
5,31,31,247.69,278.69,0,164,1.82,17.0
5,32,10,119.9,149.9,0,27,0.3,33.3
5,33,17,186.83,220.83,0,12,0.13,127.5
5,34,10,209.89999999999998,259.9,0,9,0.1,100.0
6,1,0,0.0,0.0,1,32,0.36,0.0
6,2,47,469.53000000000003,610.53,0,91,1.01,46.5
6,3,20,39.8,79.80000000000001,0,291,3.23,6.2
6,4,14,139.86,181.86,0,38,0.42,33.2
6,5,8,63.92,79.92,0,0,0.0,
6,6,32,223.68,479.68,0,222,2.47,13.0
6,7,18,215.82,287.82,0,0,0.0,
6,8,50,199.5,349.5,0,331,3.68,13.6
6,9,3,29.97,32.97,0,89,0.99,3.0
6,10,52,571.48,779.48,0,90,1.0,52.0
6,11,20,219.8,419.79999999999995,0,59,0.66,30.5
6,12,2,17.98,23.98,0,27,0.3,6.7
6,13,2,29.98,41.98,0,57,0.63,3.2
6,14,11,65.89,120.89,0,11,0.12,90.0
6,15,11,43.89,65.89,0,51,0.57,19.4
6,16,10,29.900000000000002,99.9,0,0,0.0,
6,17,22,307.78000000000003,439.78,0,0,0.0,
6,18,11,384.89000000000004,439.89000000000004,0,0,0.0,
6,19,39,545.61,623.61,0,265,2.94,13.2
6,20,9,80.91,224.91,0,0,0.0,
6,21,36,251.64000000000001,359.64,0,124,1.38,26.1
6,22,5,69.95,99.94999999999999,0,18,0.2,25.0
6,23,15,74.85000000000001,149.85,0,25,0.28,54.0
6,24,15,224.85,299.84999999999997,0,150,1.67,9.0
6,25,62,123.38,185.38000000000002,0,232,2.58,24.1
6,26,7,146.92999999999998,174.92999999999998,0,0,0.0,
6,27,37,147.63,184.63,0,5,0.06,666.0
6,28,2,7.98,21.98,0,18,0.2,10.0
6,29,10,89.9,199.89999999999998,0,0,0.0,
6,30,67,1205.33,1339.33,0,55,0.61,109.6
6,31,17,135.83,152.83,0,80,0.89,19.1
6,32,7,83.93,104.93,0,0,0.0,
6,33,7,76.93,90.93,0,7,0.08,90.0
6,34,8,167.92,207.92,0,27,0.3,26.7
6,35,3,11.97,23.97,0,18,0.2,15.0
7,1,14,139.86,223.86,0,166,1.84,7.6
7,2,7,69.93,90.93,0,276,3.07,2.3
7,3,10,19.9,39.900000000000006,0,364,4.04,2.5
7,4,17,169.83,220.83,0,76,0.84,20.1
7,5,19,151.81,189.81,0,28,0.31,61.1
7,6,10,69.9,149.9,0,342,3.8,2.6
7,7,1,11.99,15.99,0,153,1.7,0.6
7,8,46,183.54000000000002,321.54,0,296,3.29,14.0
7,9,0,0.0,0.0,1,185,2.06,0.0
7,10,36,395.64,539.64,0,161,1.79,20.1
7,11,7,76.93,146.92999999999998,0,18,0.2,35.0
7,12,38,341.62,455.62,0,44,0.49,77.7
7,13,20,299.8,419.79999999999995,0,31,0.34,58.1
7,14,3,17.97,32.97,0,121,1.34,2.2
7,15,3,11.97,17.97,0,204,2.27,1.3
7,16,6,17.94,59.94,0,19,0.21,28.4
7,17,4,55.96,79.96,0,101,1.12,3.6
7,18,31,1084.69,1239.69,0,263,2.92,10.6
7,19,24,335.76,383.76,0,398,4.42,5.4
7,20,7,62.93,174.92999999999998,0,26,0.29,24.2
7,21,49,342.51,489.51,0,113,1.26,39.0
7,22,8,111.92,159.92,0,24,0.27,30.0
7,23,9,44.910000000000004,89.91,0,23,0.26,35.2
7,24,25,374.75,499.74999999999994,0,84,0.93,26.8
7,25,10,19.9,29.900000000000002,0,728,8.09,1.2
7,26,16,335.84,399.84,0,19,0.21,75.8
7,27,48,191.52,239.52,0,36,0.4,120.0
7,28,0,0.0,0.0,1,116,1.29,0.0
7,29,8,71.92,159.92,0,1,0.01,720.0
7,30,27,485.72999999999996,539.7299999999999,0,170,1.89,14.3
7,31,15,119.85000000000001,134.85,0,113,1.26,11.9
7,32,3,35.97,44.97,0,0,0.0,
7,33,18,197.82,233.82,0,0,0.0,
7,34,2,41.98,51.98,0,45,0.5,4.0
7,35,17,67.83,135.83,0,21,0.23,72.9
8,1,10,99.9,159.9,0,48,0.53,18.8
8,2,11,109.89,142.89000000000001,0,43,0.48,23.0
8,3,8,15.92,31.92,0,113,1.26,6.4
8,4,18,179.82,233.82,0,17,0.19,95.3
8,5,10,79.9,99.9,0,3,0.03,300.0
8,6,12,83.88,179.88,0,63,0.7,17.1
8,7,8,95.92,127.92,0,90,1.0,8.0
8,8,42,167.58,293.58,0,104,1.16,36.3
8,9,0,0.0,0.0,1,278,3.09,0.0
8,10,54,593.46,809.46,0,0,0.0,
8,11,8,87.92,167.92,0,51,0.57,14.1
8,12,4,35.96,47.96,0,44,0.49,8.2
8,13,0,0.0,0.0,1,69,0.77,0.0
8,14,0,0.0,0.0,1,44,0.49,0.0
8,15,0,0.0,0.0,1,36,0.4,0.0
8,16,8,23.92,79.92,0,9,0.1,80.0
8,17,5,69.95,99.94999999999999,0,70,0.78,6.4
8,18,18,629.82,719.82,0,66,0.73,24.5
8,19,11,153.89000000000001,175.89000000000001,0,237,2.63,4.2
8,20,5,44.95,124.94999999999999,0,0,0.0,
8,21,37,258.63,369.63,0,197,2.19,16.9
8,22,13,181.87,259.87,0,32,0.36,36.6
8,23,8,39.92,79.92,0,21,0.23,34.3
8,24,7,104.93,139.92999999999998,0,106,1.18,5.9
8,25,71,141.29,212.29000000000002,0,296,3.29,21.6
8,26,20,419.79999999999995,499.79999999999995,0,25,0.28,72.0
8,27,47,187.53,234.53,0,36,0.4,117.5
8,28,20,79.80000000000001,219.8,0,16,0.18,112.5
8,29,3,26.97,59.97,0,0,0.0,
8,30,13,233.86999999999998,259.87,0,189,2.1,6.2
8,31,27,215.73000000000002,242.73000000000002,0,84,0.93,28.9
8,32,7,83.93,104.93,0,5,0.06,126.0
8,33,17,186.83,220.83,0,52,0.58,29.4
8,34,18,377.82,467.82,0,0,0.0,
8,35,8,31.92,63.92,0,25,0.28,28.8
9,1,15,149.85,239.85,0,168,1.87,8.0
9,2,18,179.82,233.82,0,165,1.83,9.8
9,3,10,19.9,39.900000000000006,0,570,6.33,1.6
9,4,6,59.94,77.94,0,16,0.18,33.8
9,5,3,23.97,29.97,0,51,0.57,5.3
9,6,55,384.45,824.45,0,146,1.62,33.9
9,7,22,263.78000000000003,351.78000000000003,0,82,0.91,24.1
9,8,29,115.71000000000001,202.71,0,229,2.54,11.4
9,9,50,499.5,549.5,0,288,3.2,15.6
9,10,69,758.3100000000001,1034.31,0,45,0.5,138.0
9,11,1,10.99,20.99,0,45,0.5,2.0
9,12,6,53.94,71.94,0,8,0.09,67.5
9,13,19,284.81,398.80999999999995,0,22,0.24,77.7
9,14,11,65.89,120.89,0,77,0.86,12.9
9,15,9,35.910000000000004,53.910000000000004,0,154,1.71,5.3
9,16,5,14.950000000000001,49.95,0,14,0.16,32.1
9,17,8,111.92,159.92,0,53,0.59,13.6
9,18,8,279.92,319.92,0,248,2.76,2.9
9,19,54,755.46,863.46,0,379,4.21,12.8
9,20,4,35.96,99.96,0,8,0.09,45.0
9,21,12,83.88,119.88,0,179,1.99,6.0
9,22,9,125.91,179.91,0,16,0.18,50.6
9,23,31,154.69,309.69,0,89,0.99,31.3
9,24,16,239.84,319.84,0,118,1.31,12.2
9,25,4,7.96,11.96,0,327,3.63,1.1
9,26,21,440.78999999999996,524.79,0,30,0.33,63.0
9,27,29,115.71000000000001,144.71,0,80,0.89,32.6
9,28,9,35.910000000000004,98.91,0,36,0.4,22.5
9,29,8,71.92,159.92,0,0,0.0,
9,30,11,197.89,219.89,0,131,1.46,7.6
9,31,6,47.94,53.94,0,347,3.86,1.6
9,32,3,35.97,44.97,0,0,0.0,
9,33,9,98.91,116.91,0,45,0.5,18.0
9,34,5,104.94999999999999,129.95,0,45,0.5,10.0
9,35,4,15.96,31.96,0,21,0.23,17.1
10,1,5,49.95,79.95,0,94,1.04,4.8
10,2,17,169.83,220.83,0,5,0.06,306.0
10,3,15,29.85,59.85,0,210,2.33,6.4
10,4,17,169.83,220.83,0,44,0.49,34.8
10,5,4,31.96,39.96,0,44,0.49,8.2
10,6,24,167.76,359.76,0,110,1.22,19.6
10,7,13,155.87,207.87,0,47,0.52,24.9
10,8,73,291.27000000000004,510.27000000000004,0,314,3.49,20.9
10,9,10,99.9,109.9,0,240,2.67,3.8
10,10,57,626.4300000000001,854.4300000000001,0,70,0.78,73.3
10,11,9,98.91,188.91,0,40,0.44,20.2
10,12,15,134.85,179.85,0,55,0.61,24.5
10,13,17,254.83,356.83,0,20,0.22,76.5
10,14,4,23.96,43.96,0,73,0.81,4.9
10,15,13,51.870000000000005,77.87,0,30,0.33,39.0
10,16,1,2.99,9.99,0,15,0.17,6.0
10,17,3,41.97,59.97,0,34,0.38,7.9
10,18,17,594.83,679.83,0,168,1.87,9.1
10,19,57,797.4300000000001,911.4300000000001,0,162,1.8,31.7
10,20,4,35.96,99.96,0,0,0.0,
10,21,16,111.84,159.84,0,548,6.09,2.6
10,22,13,181.87,259.87,0,34,0.38,34.4
10,23,9,44.910000000000004,89.91,0,96,1.07,8.4
10,24,20,299.8,399.79999999999995,0,149,1.66,12.1
10,25,68,135.32,203.32000000000002,0,117,1.3,52.3
10,26,9,188.91,224.91,0,23,0.26,35.2
10,27,24,95.76,119.76,0,28,0.31,77.1
10,28,19,75.81,208.81,0,49,0.54,34.9
10,29,12,107.88,239.88,0,18,0.2,60.0
10,30,42,755.5799999999999,839.5799999999999,0,183,2.03,20.7
10,31,7,55.93,62.93,0,120,1.33,5.2
10,32,13,155.87,194.87,0,0,0.0,
10,33,12,131.88,155.88,0,12,0.13,90.0
10,34,16,335.84,415.84,0,22,0.24,65.5
10,35,2,7.98,15.98,0,10,0.11,18.0
11,1,19,189.81,303.81,0,94,1.04,18.2
11,2,18,179.82,233.82,0,47,0.52,34.5
11,3,18,35.82,71.82000000000001,0,402,4.47,4.0
11,6,32,223.68,479.68,0,45,0.5,64.0
11,7,19,227.81,303.81,0,75,0.83,22.8
11,8,64,255.36,447.36,0,102,1.13,56.5
11,9,13,129.87,142.87,0,240,2.67,4.9
11,10,17,186.83,254.83,0,0,0.0,
11,11,9,98.91,188.91,0,34,0.38,23.8
11,12,17,152.83,203.83,0,31,0.34,49.4
11,13,2,29.98,41.98,0,17,0.19,10.6
11,14,18,107.82000000000001,197.82,0,46,0.51,35.2
11,15,7,27.93,41.93,0,60,0.67,10.5
11,17,5,69.95,99.94999999999999,0,39,0.43,11.5
11,18,34,1189.66,1359.66,0,126,1.4,24.3
11,19,51,713.49,815.49,0,282,3.13,16.3
11,21,0,0.0,0.0,1,140,1.56,0.0
11,23,23,114.77000000000001,229.77,0,82,0.91,25.2
11,24,39,584.61,779.6099999999999,0,86,0.96,40.8
11,25,70,139.3,209.3,0,263,2.92,24.0
11,26,10,209.89999999999998,249.89999999999998,0,36,0.4,25.0
11,27,28,111.72,139.72,0,111,1.23,22.7
11,28,11,43.89,120.89,0,85,0.94,11.6
11,29,4,35.96,79.96,0,17,0.19,21.2
11,30,10,179.89999999999998,199.89999999999998,0,23,0.26,39.1
11,31,20,159.8,179.8,0,150,1.67,12.0
11,32,4,47.96,59.96,0,0,0.0,
11,33,6,65.94,77.94,0,8,0.09,67.5
11,34,9,188.91,233.91,0,8,0.09,101.2
12,1,16,159.84,255.84,0,147,1.63,9.8
12,2,16,159.84,207.84,0,113,1.26,12.7
12,3,44,87.56,175.56,0,359,3.99,11.0
12,4,8,79.92,103.92,0,8,0.09,90.0
12,5,17,135.83,169.83,0,46,0.51,33.3
12,6,23,160.77,344.77,0,218,2.42,9.5
12,7,11,131.89000000000001,175.89000000000001,0,68,0.76,14.6
12,8,61,243.39000000000001,426.39,0,117,1.3,46.9
12,9,14,139.86,153.86,0,172,1.91,7.3
12,10,17,186.83,254.83,0,39,0.43,39.2
12,11,8,87.92,167.92,0,25,0.28,28.8
12,12,10,89.9,119.9,0,20,0.22,45.0
12,13,15,224.85,314.84999999999997,0,94,1.04,14.4
12,14,13,77.87,142.87,0,26,0.29,45.0
12,15,11,43.89,65.89,0,96,1.07,10.3
12,16,14,41.86,139.86,0,24,0.27,52.5
12,17,5,69.95,99.94999999999999,0,14,0.16,32.1
12,18,20,699.8000000000001,799.8000000000001,0,157,1.74,11.5
12,19,52,727.48,831.48,0,367,4.08,12.8
12,20,15,134.85,374.84999999999997,0,0,0.0,
12,21,15,104.85000000000001,149.85,0,37,0.41,36.5
12,22,4,55.96,79.96,0,32,0.36,11.2
12,23,15,74.85000000000001,149.85,0,1,0.01,1350.0
12,24,34,509.66,679.66,0,84,0.93,36.4
12,25,23,45.77,68.77000000000001,0,312,3.47,6.6
12,26,20,419.79999999999995,499.79999999999995,0,0,0.0,
12,27,36,143.64000000000001,179.64000000000001,0,25,0.28,129.6
12,28,10,39.900000000000006,109.9,0,24,0.27,37.5
12,29,19,170.81,379.80999999999995,0,0,0.0,
12,30,45,809.55,899.55,0,43,0.48,94.2
12,31,13,103.87,116.87,0,198,2.2,5.9
12,32,9,107.91,134.91,0,0,0.0,
12,33,5,54.95,64.95,0,0,0.0,
12,34,9,188.91,233.91,0,30,0.33,27.0
12,35,9,35.910000000000004,71.91,0,26,0.29,31.2
13,1,0,0.0,0.0,1,111,1.23,0.0
13,2,2,19.98,25.98,0,181,2.01,1.0
13,3,3,5.97,11.97,0,320,3.56,0.8
13,6,14,97.86,209.86,0,310,3.44,4.1
13,7,16,191.84,255.84,0,33,0.37,43.6
13,8,66,263.34000000000003,461.34000000000003,0,228,2.53,26.1
13,9,0,0.0,0.0,1,182,2.02,0.0
13,10,84,923.16,1259.16,0,222,2.47,34.1
13,11,0,0.0,0.0,1,43,0.48,0.0
13,12,0,0.0,0.0,1,110,1.22,0.0
13,13,14,209.86,293.85999999999996,0,14,0.16,90.0
13,14,21,125.79,230.79,0,112,1.24,16.9
13,15,27,107.73,161.73000000000002,0,63,0.7,38.6
13,17,9,125.91,179.91,0,64,0.71,12.7
13,18,47,1644.5300000000002,1879.5300000000002,0,200,2.22,21.2
13,19,49,685.51,783.51,0,277,3.08,15.9
13,21,9,62.910000000000004,89.91,0,82,0.91,9.9
13,23,6,29.94,59.94,0,36,0.4,15.0
13,24,24,359.76,479.76,0,149,1.66,14.5
13,25,37,73.63,110.63000000000001,0,263,2.92,12.7
13,26,2,41.98,49.98,0,0,0.0,
13,27,56,223.44,279.44,0,15,0.17,336.0
13,28,0,0.0,0.0,1,17,0.19,0.0
13,29,3,26.97,59.97,0,0,0.0,
13,30,17,305.83,339.83,0,183,2.03,8.4
13,31,24,191.76,215.76,0,169,1.88,12.8
13,32,7,83.93,104.93,0,0,0.0,
13,33,3,32.97,38.97,0,51,0.57,5.3
13,34,3,62.97,77.97,0,99,1.1,2.7
14,1,21,209.79,335.79,0,71,0.79,26.6
14,2,5,49.95,64.95,0,239,2.66,1.9
14,3,22,43.78,87.78,0,311,3.46,6.4
14,6,18,125.82000000000001,269.82,0,228,2.53,7.1
14,7,13,155.87,207.87,0,52,0.58,22.5
14,8,57,227.43,398.43,0,228,2.53,22.5
14,9,10,99.9,109.9,0,239,2.66,3.8
14,10,32,351.68,479.68,0,54,0.6,53.3
14,11,10,109.9,209.89999999999998,0,135,1.5,6.7
14,12,2,17.98,23.98,0,54,0.6,3.3
14,13,14,209.86,293.85999999999996,0,68,0.76,18.5
14,14,4,23.96,43.96,0,135,1.5,2.7
14,15,0,0.0,0.0,1,29,0.32,0.0
14,17,14,195.86,279.85999999999996,0,37,0.41,34.1
14,18,7,244.93,279.93,0,312,3.47,2.0
14,19,23,321.77,367.77,0,114,1.27,18.2
14,21,0,0.0,0.0,1,209,2.32,0.0
14,23,4,19.96,39.96,0,32,0.36,11.2
14,24,10,149.9,199.89999999999998,0,109,1.21,8.3
14,25,15,29.85,44.85,0,647,7.19,2.1
14,26,3,62.97,74.97,0,0,0.0,
14,27,34,135.66,169.66,0,63,0.7,48.6
14,28,22,87.78,241.78,0,63,0.7,31.4
14,29,0,0.0,0.0,1,43,0.48,0.0
14,30,10,179.89999999999998,199.89999999999998,0,210,2.33,4.3
14,31,5,39.95,44.95,0,62,0.69,7.3
14,32,2,23.98,29.98,0,1,0.01,180.0
14,33,2,21.98,25.98,0,17,0.19,10.6
14,34,8,167.92,207.92,0,29,0.32,24.8
15,1,24,239.76,383.76,0,75,0.83,28.8
15,2,5,49.95,64.95,0,86,0.96,5.2
15,3,3,5.97,11.97,0,256,2.84,1.1
15,6,29,202.71,434.71,0,65,0.72,40.2
15,7,10,119.9,159.9,0,78,0.87,11.5
15,8,40,159.60000000000002,279.6,0,211,2.34,17.1
15,9,26,259.74,285.74,0,218,2.42,10.7
15,10,39,428.61,584.61,0,62,0.69,56.6
15,11,28,307.72,587.7199999999999,0,13,0.14,193.8
15,12,0,0.0,0.0,1,87,0.97,0.0
15,13,13,194.87,272.87,0,78,0.87,15.0
15,14,20,119.80000000000001,219.8,0,53,0.59,34.0
15,15,2,7.98,11.98,0,46,0.51,3.9
15,17,24,335.76,479.76,0,66,0.73,32.7
15,18,34,1189.66,1359.66,0,43,0.48,71.2
15,19,63,881.37,1007.37,0,285,3.17,19.9
15,21,12,83.88,119.88,0,184,2.04,5.9
15,23,18,89.82000000000001,179.82,0,44,0.49,36.8
15,24,35,524.65,699.65,0,107,1.19,29.4
15,25,43,85.57,128.57000000000002,0,232,2.58,16.7
15,26,17,356.83,424.83,0,0,0.0,
15,27,26,103.74000000000001,129.74,0,25,0.28,93.6
15,28,2,7.98,21.98,0,33,0.37,5.5
15,29,13,116.87,259.87,0,29,0.32,40.3
15,30,13,233.86999999999998,259.87,0,83,0.92,14.1
15,31,4,31.96,35.96,0,195,2.17,1.8
15,32,16,191.84,239.84,0,18,0.2,80.0
15,33,8,87.92,103.92,0,26,0.29,27.7
15,34,7,146.92999999999998,181.92999999999998,0,28,0.31,22.5
16,1,13,129.87,207.87,0,41,0.46,28.5
16,2,28,279.72,363.72,0,93,1.03,27.1
16,3,37,73.63,147.63,0,343,3.81,9.7
16,4,7,69.93,90.93,0,7,0.08,90.0
16,5,14,111.86,139.86,0,0,0.0,
16,6,27,188.73000000000002,404.73,0,133,1.48,18.3
16,7,19,227.81,303.81,0,97,1.08,17.6
16,8,18,71.82000000000001,125.82000000000001,0,224,2.49,7.2
16,9,8,79.92,87.92,0,215,2.39,3.3
16,10,43,472.57,644.57,0,8,0.09,483.8
16,11,12,131.88,251.88,0,50,0.56,21.6
16,12,12,107.88,143.88,0,23,0.26,47.0
16,13,5,74.95,104.94999999999999,0,34,0.38,13.2
16,14,19,113.81,208.81,0,28,0.31,61.1
16,15,1,3.99,5.99,0,48,0.53,1.9
16,16,14,41.86,139.86,0,39,0.43,32.3
16,17,14,195.86,279.85999999999996,0,23,0.26,54.8
16,18,27,944.73,1079.73,0,148,1.64,16.4
16,19,29,405.71,463.71,0,257,2.86,10.2
16,20,2,17.98,49.98,0,17,0.19,10.6
16,21,54,377.46000000000004,539.46,0,229,2.54,21.2
16,22,9,125.91,179.91,0,33,0.37,24.5
16,23,2,9.98,19.98,0,39,0.43,4.6
16,24,6,89.94,119.94,0,14,0.16,38.6
16,25,37,73.63,110.63000000000001,0,409,4.54,8.1
16,26,19,398.80999999999995,474.80999999999995,0,0,0.0,
16,27,15,59.85,74.85000000000001,0,51,0.57,26.5
16,28,0,0.0,0.0,1,92,1.02,0.0
16,29,7,62.93,139.92999999999998,0,11,0.12,57.3
16,30,49,881.5099999999999,979.5099999999999,0,93,1.03,47.4
16,31,14,111.86,125.86,0,189,2.1,6.7
16,32,7,83.93,104.93,0,19,0.21,33.2
16,33,6,65.94,77.94,0,2,0.02,270.0
16,34,2,41.98,51.98,0,47,0.52,3.8
16,35,6,23.94,47.94,0,33,0.37,16.4
17,1,22,219.78,351.78000000000003,0,94,1.04,21.1
17,2,15,149.85,194.85,0,253,2.81,5.3
17,3,8,15.92,31.92,0,566,6.29,1.3
17,6,16,111.84,239.84,0,93,1.03,15.5
17,7,20,239.8,319.8,0,85,0.94,21.2
17,8,20,79.80000000000001,139.8,0,318,3.53,5.7
17,9,7,69.93,76.93,0,191,2.12,3.3
17,10,67,736.33,1004.33,0,48,0.53,125.6
17,11,6,65.94,125.94,0,108,1.2,5.0
17,12,10,89.9,119.9,0,69,0.77,13.0
17,13,16,239.84,335.84,0,116,1.29,12.4
17,14,4,23.96,43.96,0,87,0.97,4.1
17,15,11,43.89,65.89,0,47,0.52,21.1
17,17,27,377.73,539.7299999999999,0,70,0.78,34.7
17,18,27,944.73,1079.73,0,219,2.43,11.1
17,19,53,741.47,847.47,0,507,5.63,9.4
17,21,27,188.73000000000002,269.73,0,73,0.81,33.3
17,23,13,64.87,129.87,0,12,0.13,97.5
17,24,27,404.73,539.7299999999999,0,86,0.96,28.3
17,25,59,117.41,176.41000000000003,0,487,5.41,10.9
17,26,25,524.75,624.75,0,27,0.3,83.3
17,27,12,47.88,59.88,0,94,1.04,11.5
17,28,3,11.97,32.97,0,163,1.81,1.7
17,29,16,143.84,319.84,0,36,0.4,40.0
17,30,22,395.78,439.78,0,155,1.72,12.8
17,31,20,159.8,179.8,0,486,5.4,3.7
17,32,15,179.85,224.85,0,23,0.26,58.7
17,33,27,296.73,350.73,0,0,0.0,
17,34,11,230.89,285.89,0,25,0.28,39.6
18,1,1,9.99,15.99,0,85,0.94,1.1
18,2,12,119.88,155.88,0,125,1.39,8.6
18,3,64,127.36,255.36,0,239,2.66,24.1
18,4,10,99.9,129.9,0,6,0.07,150.0
18,5,7,55.93,69.93,0,39,0.43,16.2
18,6,22,153.78,329.78000000000003,0,164,1.82,12.1
18,7,16,191.84,255.84,0,44,0.49,32.7
18,8,52,207.48000000000002,363.48,0,151,1.68,31.0
18,9,50,499.5,549.5,0,88,0.98,51.1
18,10,16,175.84,239.84,0,0,0.0,
18,11,12,131.88,251.88,0,46,0.51,23.5
18,12,3,26.97,35.97,0,2,0.02,135.0
18,13,30,449.7,629.6999999999999,0,98,1.09,27.6
18,14,67,401.33000000000004,736.33,0,65,0.72,92.8
18,15,5,19.950000000000003,29.950000000000003,0,84,0.93,5.4
18,16,10,29.900000000000002,99.9,0,14,0.16,64.3
18,17,19,265.81,379.80999999999995,0,123,1.37,13.9
18,18,29,1014.71,1159.71,0,196,2.18,13.3
18,19,15,209.85,239.85,0,174,1.93,7.8
18,20,3,26.97,74.97,0,10,0.11,27.0
18,21,29,202.71,289.71,0,77,0.86,33.9
18,22,18,251.82,359.82,0,12,0.13,135.0
18,23,16,79.84,159.84,0,5,0.06,288.0
18,24,26,389.74,519.74,0,69,0.77,33.9
18,25,74,147.26,221.26000000000002,0,334,3.71,19.9
18,26,2,41.98,49.98,0,36,0.4,5.0
18,27,40,159.60000000000002,199.60000000000002,0,44,0.49,81.8
18,28,0,0.0,0.0,1,67,0.74,0.0
18,29,28,251.72,559.7199999999999,0,0,0.0,
18,30,15,269.84999999999997,299.84999999999997,0,58,0.64,23.3
18,31,4,31.96,35.96,0,179,1.99,2.0
18,32,9,107.91,134.91,0,18,0.2,45.0
18,33,9,98.91,116.91,0,0,0.0,
18,34,8,167.92,207.92,0,50,0.56,14.4
18,35,10,39.900000000000006,79.9,0,42,0.47,21.4
19,1,5,49.95,79.95,0,98,1.09,4.6
19,2,14,139.86,181.86,0,58,0.64,21.7
19,3,7,13.93,27.93,0,306,3.4,2.1
19,4,18,179.82,233.82,0,6,0.07,270.0
19,5,17,135.83,169.83,0,32,0.36,47.8
19,6,11,76.89,164.89000000000001,0,413,4.59,2.4
19,7,16,191.84,255.84,0,123,1.37,11.7
19,8,84,335.16,587.16,0,456,5.07,16.6
19,9,8,79.92,87.92,0,121,1.34,6.0
19,10,45,494.55,674.55,0,39,0.43,103.8
19,11,0,0.0,0.0,1,13,0.14,0.0
19,12,3,26.97,35.97,0,151,1.68,1.8
19,13,7,104.93,146.92999999999998,0,70,0.78,9.0
19,14,4,23.96,43.96,0,84,0.93,4.3
19,15,0,0.0,0.0,1,113,1.26,0.0
19,16,2,5.98,19.98,0,12,0.13,15.0
19,17,5,69.95,99.94999999999999,0,41,0.46,11.0
19,18,19,664.8100000000001,759.8100000000001,0,159,1.77,10.8
19,19,37,517.63,591.63,0,244,2.71,13.6
19,20,11,98.89,274.89,0,28,0.31,35.4
19,21,24,167.76,239.76,0,37,0.41,58.4
19,22,3,41.97,59.97,0,8,0.09,33.8
19,23,10,49.900000000000006,99.9,0,33,0.37,27.3
19,24,16,239.84,319.84,0,102,1.13,14.1
19,25,18,35.82,53.82000000000001,0,272,3.02,6.0
19,26,5,104.94999999999999,124.94999999999999,0,12,0.13,37.5
19,27,27,107.73,134.73000000000002,0,68,0.76,35.7
19,28,6,23.94,65.94,0,26,0.29,20.8
19,29,29,260.71,579.7099999999999,0,24,0.27,108.8
19,30,7,125.92999999999999,139.92999999999998,0,96,1.07,6.6
19,31,4,31.96,35.96,0,157,1.74,2.3
19,32,5,59.95,74.95,0,21,0.23,21.4
19,33,0,0.0,0.0,1,9,0.1,0.0
19,34,15,314.84999999999997,389.84999999999997,0,43,0.48,31.4
19,35,14,55.86,111.86,0,31,0.34,40.6
20,1,38,379.62,607.62,0,76,0.84,45.0
20,2,2,19.98,25.98,0,138,1.53,1.3
20,3,24,47.76,95.76,0,261,2.9,8.3
20,6,4,27.96,59.96,0,110,1.22,3.3
20,7,9,107.91,143.91,0,80,0.89,10.1
20,8,26,103.74000000000001,181.74,0,18,0.2,130.0
20,9,9,89.91,98.91,0,205,2.28,4.0
20,10,34,373.66,509.66,0,145,1.61,21.1
20,11,3,32.97,62.97,0,44,0.49,6.1
20,12,4,35.96,47.96,0,19,0.21,18.9
20,13,11,164.89000000000001,230.89,0,77,0.86,12.9
20,14,6,35.94,65.94,0,179,1.99,3.0
20,15,36,143.64000000000001,215.64000000000001,0,36,0.4,90.0
20,17,23,321.77,459.77,0,55,0.61,37.6
20,18,8,279.92,319.92,0,142,1.58,5.1
20,19,2,27.98,31.98,0,500,5.56,0.4
20,21,0,0.0,0.0,1,95,1.06,0.0
20,23,12,59.88,119.88,0,39,0.43,27.7
20,24,18,269.82,359.82,0,57,0.63,28.4
20,25,92,183.08,275.08000000000004,0,355,3.94,23.3
20,26,12,251.88,299.88,0,0,0.0,
20,27,12,47.88,59.88,0,135,1.5,8.0
20,28,3,11.97,32.97,0,68,0.76,4.0
20,29,9,80.91,179.91,0,0,0.0,
20,30,17,305.83,339.83,0,148,1.64,10.3
20,31,10,79.9,89.9,0,107,1.19,8.4
20,32,9,107.91,134.91,0,18,0.2,45.0
20,33,28,307.72,363.72,0,80,0.89,31.5
20,34,19,398.80999999999995,493.80999999999995,0,0,0.0,
21,1,7,69.93,111.93,0,73,0.81,8.6
21,2,24,239.76,311.76,0,100,1.11,21.6
21,3,74,147.26,295.26,0,263,2.92,25.3
21,6,10,69.9,149.9,0,37,0.41,24.3
21,7,8,95.92,127.92,0,37,0.41,19.5
21,8,11,43.89,76.89,0,198,2.2,5.0
21,9,26,259.74,285.74,0,148,1.64,15.8
21,10,13,142.87,194.87,0,123,1.37,9.5
21,11,11,120.89,230.89,0,20,0.22,49.5
21,12,21,188.79,251.79,0,29,0.32,65.2
21,13,5,74.95,104.94999999999999,0,46,0.51,9.8
21,14,4,23.96,43.96,0,38,0.42,9.5
21,15,9,35.910000000000004,53.910000000000004,0,29,0.32,27.9
21,17,4,55.96,79.96,0,62,0.69,5.8
21,18,6,209.94,239.94,0,105,1.17,5.1
21,19,49,685.51,783.51,0,505,5.61,8.7
21,21,14,97.86,139.86,0,127,1.41,9.9
21,23,30,149.70000000000002,299.7,0,4,0.04,675.0
21,24,19,284.81,379.80999999999995,0,24,0.27,71.2
21,25,46,91.54,137.54000000000002,0,403,4.48,10.3
21,26,21,440.78999999999996,524.79,0,23,0.26,82.2
21,27,54,215.46,269.46000000000004,0,39,0.43,124.6
21,28,7,27.93,76.93,0,50,0.56,12.6
21,29,8,71.92,159.92,0,26,0.29,27.7
21,30,49,881.5099999999999,979.5099999999999,0,70,0.78,63.0
21,31,19,151.81,170.81,0,111,1.23,15.4
21,32,3,35.97,44.97,0,9,0.1,30.0
21,33,16,175.84,207.84,0,5,0.06,288.0
21,34,16,335.84,415.84,0,15,0.17,96.0
22,1,10,99.9,159.9,0,98,1.09,9.2
22,2,25,249.75,324.75,0,109,1.21,20.6
22,3,0,0.0,0.0,1,123,1.37,0.0
22,4,6,59.94,77.94,0,24,0.27,22.5
22,5,14,111.86,139.86,0,16,0.18,78.8
22,6,8,55.92,119.92,0,345,3.83,2.1
22,7,30,359.7,479.7,0,29,0.32,93.1
22,8,71,283.29,496.29,0,201,2.23,31.8
22,9,14,139.86,153.86,0,146,1.62,8.6
22,10,64,703.36,959.36,0,41,0.46,140.5
22,11,7,76.93,146.92999999999998,0,80,0.89,7.9
22,12,3,26.97,35.97,0,28,0.31,9.6
22,13,19,284.81,398.80999999999995,0,80,0.89,21.4
22,14,5,29.950000000000003,54.95,0,40,0.44,11.2
22,15,0,0.0,0.0,1,115,1.28,0.0
22,16,3,8.97,29.97,0,12,0.13,22.5
22,17,10,139.9,199.89999999999998,0,17,0.19,52.9
22,18,13,454.87,519.87,0,166,1.84,7.0
22,19,17,237.83,271.83,0,318,3.53,4.8
22,20,18,161.82,449.82,0,0,0.0,
22,21,30,209.70000000000002,299.7,0,165,1.83,16.4
22,22,4,55.96,79.96,0,38,0.42,9.5
22,23,7,34.93,69.93,0,29,0.32,21.7
22,24,29,434.71,579.7099999999999,0,61,0.68,42.8
22,25,6,11.94,17.94,0,531,5.9,1.0
22,26,15,314.84999999999997,374.84999999999997,0,13,0.14,103.8
22,27,45,179.55,224.55,0,48,0.53,84.4
22,28,0,0.0,0.0,1,159,1.77,0.0
22,29,5,44.95,99.94999999999999,0,45,0.5,10.0
22,30,22,395.78,439.78,0,65,0.72,30.5
22,31,34,271.66,305.66,0,97,1.08,31.5
22,32,38,455.62,569.62,0,0,0.0,
22,33,8,87.92,103.92,0,5,0.06,144.0
22,34,6,125.94,155.94,0,18,0.2,30.0
22,35,2,7.98,15.98,0,24,0.27,7.5
23,1,4,39.96,63.96,0,79,0.88,4.6
23,2,11,109.89,142.89000000000001,0,60,0.67,16.5
23,3,5,9.95,19.950000000000003,0,181,2.01,2.5
23,4,3,29.97,38.97,0,14,0.16,19.3
23,5,4,31.96,39.96,0,4,0.04,90.0
23,6,17,118.83,254.83,0,82,0.91,18.7
23,7,11,131.89000000000001,175.89000000000001,0,53,0.59,18.7
23,8,32,127.68,223.68,0,171,1.9,16.8
23,9,9,89.91,98.91,0,112,1.24,7.2
23,10,35,384.65000000000003,524.65,0,44,0.49,71.6
23,11,18,197.82,377.82,0,27,0.3,60.0
23,12,14,125.86,167.86,0,44,0.49,28.6
23,13,31,464.69,650.6899999999999,0,85,0.94,32.8
23,14,7,41.93,76.93,0,53,0.59,11.9
23,15,14,55.86,83.86,0,27,0.3,46.7
23,16,7,20.93,69.93,0,9,0.1,70.0
23,17,9,125.91,179.91,0,42,0.47,19.3
23,18,42,1469.5800000000002,1679.5800000000002,0,147,1.63,25.7
23,19,27,377.73,431.73,0,158,1.76,15.4
23,20,2,17.98,49.98,0,0,0.0,
23,21,30,209.70000000000002,299.7,0,180,2.0,15.0
23,22,11,153.89000000000001,219.89,0,18,0.2,55.0
23,23,8,39.92,79.92,0,29,0.32,24.8
23,24,40,599.6,799.5999999999999,0,79,0.88,45.6
23,25,38,75.62,113.62,0,194,2.16,17.6
23,26,15,314.84999999999997,374.84999999999997,0,32,0.36,42.2
23,27,7,27.93,34.93,0,35,0.39,18.0
23,28,48,191.52,527.52,0,91,1.01,47.5
23,29,9,80.91,179.91,0,9,0.1,90.0
23,30,38,683.6199999999999,759.6199999999999,0,45,0.5,76.0
23,31,19,151.81,170.81,0,72,0.8,23.8
23,32,11,131.89000000000001,164.89000000000001,0,11,0.12,90.0
23,33,6,65.94,77.94,0,100,1.11,5.4
23,34,18,377.82,467.82,0,29,0.32,55.9
23,35,4,15.96,31.96,0,10,0.11,36.0
24,1,11,109.89,175.89000000000001,0,20,0.22,49.5
24,2,25,249.75,324.75,0,117,1.3,19.2
24,3,13,25.87,51.870000000000005,0,124,1.38,9.4
24,4,1,9.99,12.99,0,5,0.06,18.0
24,5,4,31.96,39.96,0,5,0.06,72.0
24,6,46,321.54,689.54,0,176,1.96,23.5
24,7,15,179.85,239.85,0,31,0.34,43.5
24,8,53,211.47,370.47,0,229,2.54,20.8
24,9,19,189.81,208.81,0,202,2.24,8.5
24,10,19,208.81,284.81,0,76,0.84,22.5
24,11,13,142.87,272.87,0,38,0.42,30.8
24,12,0,0.0,0.0,1,21,0.23,0.0
24,13,10,149.9,209.89999999999998,0,43,0.48,20.9
24,14,36,215.64000000000001,395.64,0,130,1.44,24.9
24,15,0,0.0,0.0,1,38,0.42,0.0
24,16,3,8.97,29.97,0,2,0.02,135.0
24,17,27,377.73,539.7299999999999,0,79,0.88,30.8
24,18,20,699.8000000000001,799.8000000000001,0,137,1.52,13.1
24,19,67,937.33,1071.33,0,189,2.1,31.9
24,20,7,62.93,174.92999999999998,0,0,0.0,
24,21,0,0.0,0.0,1,198,2.2,0.0
24,22,13,181.87,259.87,0,21,0.23,55.7
24,23,16,79.84,159.84,0,31,0.34,46.5
24,24,4,59.96,79.96,0,65,0.72,5.5
24,25,48,95.52,143.52,0,224,2.49,19.3
24,26,21,440.78999999999996,524.79,0,0,0.0,
24,27,50,199.5,249.5,0,64,0.71,70.3
24,28,0,0.0,0.0,1,72,0.8,0.0
24,29,3,26.97,59.97,0,8,0.09,33.8
24,30,50,899.4999999999999,999.4999999999999,0,62,0.69,72.6
24,31,10,79.9,89.9,0,64,0.71,14.1
24,32,10,119.9,149.9,0,0,0.0,
24,33,4,43.96,51.96,0,16,0.18,22.5
24,34,17,356.83,441.83,0,33,0.37,46.4
24,35,19,75.81,151.81,0,10,0.11,171.0
25,1,8,79.92,127.92,0,123,1.37,5.9
25,2,18,179.82,233.82,0,114,1.27,14.2
25,3,43,85.57,171.57000000000002,0,238,2.64,16.3
25,6,3,20.97,44.97,0,220,2.44,1.2
25,7,7,83.93,111.93,0,51,0.57,12.4
25,8,66,263.34000000000003,461.34000000000003,0,136,1.51,43.7
25,9,9,89.91,98.91,0,286,3.18,2.8
25,10,8,87.92,119.92,0,84,0.93,8.6
25,11,3,32.97,62.97,0,96,1.07,2.8
25,12,17,152.83,203.83,0,13,0.14,117.7
25,13,23,344.77,482.77,0,129,1.43,16.0
25,14,20,119.80000000000001,219.8,0,13,0.14,138.5
25,15,13,51.870000000000005,77.87,0,79,0.88,14.8
25,17,4,55.96,79.96,0,8,0.09,45.0
25,18,34,1189.66,1359.66,0,317,3.52,9.7
25,19,28,391.72,447.72,0,218,2.42,11.6
25,21,5,34.95,49.95,0,15,0.17,30.0
25,23,10,49.900000000000006,99.9,0,35,0.39,25.7
25,24,10,149.9,199.89999999999998,0,90,1.0,10.0
25,25,80,159.2,239.20000000000002,0,437,4.86,16.5
25,26,3,62.97,74.97,0,16,0.18,16.9
25,27,29,115.71000000000001,144.71,0,97,1.08,26.9
25,28,16,63.84,175.84,0,84,0.93,17.1
25,29,6,53.94,119.94,0,12,0.13,45.0
25,30,46,827.54,919.54,0,67,0.74,61.8
25,31,0,0.0,0.0,1,56,0.62,0.0
25,32,10,119.9,149.9,0,0,0.0,
25,33,4,43.96,51.96,0,12,0.13,30.0
25,34,23,482.77,597.77,0,50,0.56,41.4
26,1,6,59.94,95.94,0,4,0.04,135.0
26,2,15,149.85,194.85,0,50,0.56,27.0
26,3,15,29.85,59.85,0,254,2.82,5.3
26,4,12,119.88,155.88,0,10,0.11,108.0
26,5,8,63.92,79.92,0,6,0.07,120.0
26,6,23,160.77,344.77,0,124,1.38,16.7
26,7,16,191.84,255.84,0,30,0.33,48.0
26,8,22,87.78,153.78,0,157,1.74,12.6
26,9,15,149.85,164.85,0,97,1.08,13.9
26,10,25,274.75,374.75,0,12,0.13,187.5
26,11,2,21.98,41.98,0,54,0.6,3.3
26,12,14,125.86,167.86,0,13,0.14,96.9
26,13,20,299.8,419.79999999999995,0,56,0.62,32.1
26,14,2,11.98,21.98,0,12,0.13,15.0
26,15,20,79.80000000000001,119.80000000000001,0,69,0.77,26.1
26,16,20,59.800000000000004,199.8,0,34,0.38,52.9
26,17,6,83.94,119.94,0,11,0.12,49.1
26,18,7,244.93,279.93,0,68,0.76,9.3
26,19,90,1259.1,1439.1,0,204,2.27,39.7
26,20,6,53.94,149.94,0,10,0.11,54.0
26,21,26,181.74,259.74,0,336,3.73,7.0
26,22,5,69.95,99.94999999999999,0,0,0.0,
26,23,4,19.96,39.96,0,66,0.73,5.5
26,24,11,164.89000000000001,219.89,0,84,0.93,11.8
26,25,71,141.29,212.29000000000002,0,303,3.37,21.1
26,26,4,83.96,99.96,0,45,0.5,8.0
26,27,8,31.92,39.92,0,30,0.33,24.0
26,28,26,103.74000000000001,285.74,0,118,1.31,19.8
26,29,3,26.97,59.97,0,11,0.12,24.5
26,30,46,827.54,919.54,0,74,0.82,55.9
26,31,4,31.96,35.96,0,59,0.66,6.1
26,32,2,23.98,29.98,0,33,0.37,5.5
26,33,2,21.98,25.98,0,11,0.12,16.4
26,34,17,356.83,441.83,0,20,0.22,76.5
26,35,8,31.92,63.92,0,18,0.2,40.0
27,1,27,269.73,431.73,0,164,1.82,14.8
27,2,30,299.7,389.7,0,124,1.38,21.8
27,3,55,109.45,219.45000000000002,0,277,3.08,17.9
27,6,7,48.93,104.93,0,146,1.62,4.3
27,7,22,263.78000000000003,351.78000000000003,0,12,0.13,165.0
27,8,12,47.88,83.88,0,188,2.09,5.7
27,9,6,59.94,65.94,0,304,3.38,1.8
27,10,45,494.55,674.55,0,6,0.07,675.0
27,11,0,0.0,0.0,1,17,0.19,0.0
27,12,5,44.95,59.95,0,35,0.39,12.9
27,13,10,149.9,209.89999999999998,0,26,0.29,34.6
27,14,21,125.79,230.79,0,8,0.09,236.2
27,15,3,11.97,17.97,0,30,0.33,9.0
27,17,2,27.98,39.98,0,5,0.06,36.0
27,18,18,629.82,719.82,0,162,1.8,10.0
27,19,34,475.66,543.66,0,145,1.61,21.1
27,21,2,13.98,19.98,0,57,0.63,3.2
27,23,16,79.84,159.84,0,11,0.12,130.9
27,24,46,689.54,919.54,0,70,0.78,59.1
27,25,18,35.82,53.82000000000001,0,204,2.27,7.9
27,26,6,125.94,149.94,0,0,0.0,
27,27,11,43.89,54.89,0,32,0.36,30.9
27,28,8,31.92,87.92,0,223,2.48,3.2
27,29,3,26.97,59.97,0,0,0.0,
27,30,37,665.63,739.63,0,146,1.62,22.8
27,31,13,103.87,116.87,0,114,1.27,10.3
27,32,6,71.94,89.94,0,17,0.19,31.8
27,33,7,76.93,90.93,0,16,0.18,39.4
27,34,9,188.91,233.91,0,71,0.79,11.4
28,1,6,59.94,95.94,0,57,0.63,9.5
28,2,0,0.0,0.0,1,90,1.0,0.0
28,3,60,119.4,239.4,0,374,4.16,14.4
28,6,16,111.84,239.84,0,44,0.49,32.7
28,7,10,119.9,159.9,0,23,0.26,39.1
28,8,45,179.55,314.55,0,77,0.86,52.6
28,9,7,69.93,76.93,0,158,1.76,4.0
28,10,8,87.92,119.92,0,106,1.18,6.8
28,11,4,43.96,83.96,0,89,0.99,4.0
28,12,4,35.96,47.96,0,25,0.28,14.4
28,13,2,29.98,41.98,0,82,0.91,2.2
28,14,17,101.83,186.83,0,34,0.38,45.0
28,15,0,0.0,0.0,1,68,0.76,0.0
28,17,17,237.83,339.83,0,41,0.46,37.3
28,18,24,839.76,959.76,0,93,1.03,23.2
28,19,13,181.87,207.87,0,108,1.2,10.8
28,21,11,76.89,109.89,0,15,0.17,66.0
28,23,24,119.76,239.76,0,40,0.44,54.0
28,24,19,284.81,379.80999999999995,0,88,0.98,19.4
28,25,10,19.9,29.900000000000002,0,396,4.4,2.3
28,26,15,314.84999999999997,374.84999999999997,0,1,0.01,1350.0
28,27,24,95.76,119.76,0,31,0.34,69.7
28,28,3,11.97,32.97,0,120,1.33,2.2
28,29,5,44.95,99.94999999999999,0,14,0.16,32.1
28,30,27,485.72999999999996,539.7299999999999,0,42,0.47,57.9
28,31,18,143.82,161.82,0,176,1.96,9.2
28,32,3,35.97,44.97,0,43,0.48,6.3
28,33,9,98.91,116.91,0,4,0.04,202.5
28,34,19,398.80999999999995,493.80999999999995,0,92,1.02,18.6
29,1,2,19.98,31.98,0,87,0.97,2.1
29,2,15,149.85,194.85,0,125,1.39,10.8
29,3,17,33.83,67.83,0,133,1.48,11.5
29,6,17,118.83,254.83,0,52,0.58,29.4
29,7,10,119.9,159.9,0,46,0.51,19.6
29,8,10,39.900000000000006,69.9,0,193,2.14,4.7
29,9,6,59.94,65.94,0,200,2.22,2.7
29,10,45,494.55,674.55,0,130,1.44,31.2
29,11,8,87.92,167.92,0,64,0.71,11.2
29,12,6,53.94,71.94,0,20,0.22,27.0
29,13,5,74.95,104.94999999999999,0,159,1.77,2.8
29,14,5,29.950000000000003,54.95,0,25,0.28,18.0
29,15,18,71.82000000000001,107.82000000000001,0,89,0.99,18.2
29,17,25,349.75,499.74999999999994,0,0,0.0,
29,18,26,909.74,1039.74,0,191,2.12,12.3
29,19,12,167.88,191.88,0,406,4.51,2.7
29,21,10,69.9,99.9,0,151,1.68,6.0
29,23,37,184.63,369.63,0,41,0.46,81.2
29,24,14,209.86,279.85999999999996,0,175,1.94,7.2
29,25,47,93.53,140.53,0,146,1.62,29.0
29,26,2,41.98,49.98,0,20,0.22,9.0
29,27,27,107.73,134.73000000000002,0,91,1.01,26.7
29,28,1,3.99,10.99,0,26,0.29,3.5
29,29,6,53.94,119.94,0,7,0.08,77.1
29,30,32,575.68,639.68,0,207,2.3,13.9
29,31,3,23.97,26.97,0,94,1.04,2.9
29,32,7,83.93,104.93,0,80,0.89,7.9
29,33,6,65.94,77.94,0,0,0.0,
29,34,16,335.84,415.84,0,39,0.43,36.9
30,1,15,149.85,239.85,0,110,1.22,12.3
30,2,30,299.7,389.7,0,191,2.12,14.1
30,3,10,19.9,39.900000000000006,0,263,2.92,3.4
30,6,18,125.82000000000001,269.82,0,395,4.39,4.1
30,7,13,155.87,207.87,0,94,1.04,12.4
30,8,110,438.90000000000003,768.9,0,279,3.1,35.5
30,9,59,589.41,648.41,0,514,5.71,10.3
30,10,55,604.45,824.45,0,273,3.03,18.1
30,11,3,32.97,62.97,0,108,1.2,2.5
30,12,8,71.92,95.92,0,189,2.1,3.8
30,13,18,269.82,377.82,0,28,0.31,57.9
30,14,10,59.900000000000006,109.9,0,123,1.37,7.3
30,15,9,35.910000000000004,53.910000000000004,0,99,1.1,8.2
30,17,13,181.87,259.87,0,136,1.51,8.6
30,18,9,314.91,359.91,0,337,3.74,2.4
30,19,19,265.81,303.81,0,314,3.49,5.4
30,21,18,125.82000000000001,179.82,0,14,0.16,115.7
30,23,12,59.88,119.88,0,14,0.16,77.1
30,24,23,344.77,459.77,0,157,1.74,13.2
30,25,6,11.94,17.94,0,319,3.54,1.7
30,26,13,272.87,324.87,0,52,0.58,22.5
30,27,29,115.71000000000001,144.71,0,101,1.12,25.8
30,28,3,11.97,32.97,0,46,0.51,5.9
30,29,19,170.81,379.80999999999995,0,66,0.73,25.9
30,30,21,377.78999999999996,419.78999999999996,0,307,3.41,6.2
30,31,20,159.8,179.8,0,214,2.38,8.4
30,32,13,155.87,194.87,0,4,0.04,292.5
30,33,10,109.9,129.9,0,38,0.42,23.7
30,34,18,377.82,467.82,0,42,0.47,38.6
31,1,5,49.95,79.95,0,124,1.38,3.6
31,2,36,359.64,467.64,0,184,2.04,17.6
31,3,36,71.64,143.64000000000001,0,628,6.98,5.2
31,6,41,286.59000000000003,614.59,0,245,2.72,15.1
31,7,18,215.82,287.82,0,127,1.41,12.8
31,8,84,335.16,587.16,0,545,6.06,13.9
31,9,10,99.9,109.9,0,203,2.26,4.4
31,10,139,1527.6100000000001,2083.61,0,73,0.81,171.4
31,11,8,87.92,167.92,0,140,1.56,5.1
31,12,13,116.87,155.87,0,111,1.23,10.5
31,13,19,284.81,398.80999999999995,0,135,1.5,12.7
31,14,9,53.910000000000004,98.91,0,56,0.62,14.5
31,15,4,15.96,23.96,0,101,1.12,3.6
31,17,19,265.81,379.80999999999995,0,97,1.08,17.6
31,18,2,69.98,79.98,0,434,4.82,0.4
31,19,95,1329.05,1519.05,0,339,3.77,25.2
31,21,6,41.94,59.94,0,198,2.2,2.7
31,23,9,44.910000000000004,89.91,0,95,1.06,8.5
31,24,29,434.71,579.7099999999999,0,309,3.43,8.4
31,25,94,187.06,281.06,0,871,9.68,9.7
31,26,17,356.83,424.83,0,35,0.39,43.7
31,27,27,107.73,134.73000000000002,0,144,1.6,16.9
31,28,10,39.900000000000006,109.9,0,49,0.54,18.4
31,29,28,251.72,559.7199999999999,0,78,0.87,32.3
31,30,66,1187.34,1319.34,0,230,2.56,25.8
31,31,39,311.61,350.61,0,427,4.74,8.2
31,32,12,143.88,179.88,0,28,0.31,38.6
31,33,20,219.8,259.8,0,40,0.44,45.0
31,34,20,419.79999999999995,519.8,0,16,0.18,112.5
32,1,25,249.75,399.75,0,188,2.09,12.0
32,2,10,99.9,129.9,0,3,0.03,300.0
32,3,45,89.55,179.55,0,350,3.89,11.6
32,6,65,454.35,974.35,0,370,4.11,15.8
32,7,18,215.82,287.82,0,121,1.34,13.4
32,8,56,223.44,391.44,0,130,1.44,38.8
32,9,3,29.97,32.97,0,99,1.1,2.7
32,10,138,1516.6200000000001,2068.62,0,0,0.0,
32,11,6,65.94,125.94,0,82,0.91,6.6
32,12,4,35.96,47.96,0,15,0.17,24.0
32,13,13,194.87,272.87,0,48,0.53,24.4
32,14,27,161.73000000000002,296.73,0,40,0.44,60.8
32,15,27,107.73,161.73000000000002,0,147,1.63,16.5
32,17,8,111.92,159.92,0,0,0.0,
32,18,40,1399.6000000000001,1599.6000000000001,0,8,0.09,450.0
32,19,35,489.65000000000003,559.65,0,230,2.56,13.7
32,21,0,0.0,0.0,1,68,0.76,0.0
32,23,23,114.77000000000001,229.77,0,58,0.64,35.7
32,24,42,629.58,839.5799999999999,0,16,0.18,236.2
32,25,20,39.8,59.800000000000004,0,414,4.6,4.3
32,26,11,230.89,274.89,0,0,0.0,
32,27,53,211.47,264.47,0,118,1.31,40.4
32,28,5,19.950000000000003,54.95,0,85,0.94,5.3
32,29,4,35.96,79.96,0,0,0.0,
32,30,28,503.71999999999997,559.7199999999999,0,145,1.61,17.4
32,31,4,31.96,35.96,0,86,0.96,4.2
32,32,8,95.92,119.92,0,44,0.49,16.4
32,33,13,142.87,168.87,0,0,0.0,
32,34,20,419.79999999999995,519.8,0,38,0.42,47.4
33,1,10,99.9,159.9,0,65,0.72,13.8
33,2,16,159.84,207.84,0,34,0.38,42.4
33,3,21,41.79,83.79,0,162,1.8,11.7
33,4,15,149.85,194.85,0,1,0.01,1350.0
33,5,7,55.93,69.93,0,7,0.08,90.0
33,6,8,55.92,119.92,0,146,1.62,4.9
33,7,4,47.96,63.96,0,14,0.16,25.7
33,8,66,263.34000000000003,461.34000000000003,0,369,4.1,16.1
33,9,3,29.97,32.97,0,200,2.22,1.3
33,10,12,131.88,179.88,0,81,0.9,13.3
33,11,4,43.96,83.96,0,92,1.02,3.9
33,12,17,152.83,203.83,0,66,0.73,23.2
33,13,0,0.0,0.0,1,127,1.41,0.0
33,14,11,65.89,120.89,0,420,4.67,2.4
33,15,0,0.0,0.0,1,98,1.09,0.0
33,16,5,14.950000000000001,49.95,0,12,0.13,37.5
33,17,2,27.98,39.98,0,68,0.76,2.6
33,18,15,524.85,599.85,0,260,2.89,5.2
33,19,61,853.39,975.39,0,155,1.72,35.4
33,20,11,98.89,274.89,0,0,0.0,
33,21,13,90.87,129.87,0,38,0.42,30.8
33,22,5,69.95,99.94999999999999,0,33,0.37,13.6
33,23,22,109.78,219.78,0,72,0.8,27.5
33,24,27,404.73,539.7299999999999,0,121,1.34,20.1
33,25,57,113.42999999999999,170.43,0,260,2.89,19.7
33,26,5,104.94999999999999,124.94999999999999,0,37,0.41,12.2
33,27,6,23.94,29.94,0,114,1.27,4.7
33,28,5,19.950000000000003,54.95,0,103,1.14,4.4
33,29,9,80.91,179.91,0,4,0.04,202.5
33,30,39,701.6099999999999,779.6099999999999,0,64,0.71,54.8
33,31,7,55.93,62.93,0,407,4.52,1.5
33,32,15,179.85,224.85,0,4,0.04,337.5
33,33,9,98.91,116.91,0,0,0.0,
33,34,14,293.85999999999996,363.85999999999996,0,30,0.33,42.0
33,35,18,71.82000000000001,143.82,0,0,0.0,
34,1,5,49.95,79.95,0,96,1.07,4.7
34,2,25,249.75,324.75,0,63,0.7,35.7
34,3,17,33.83,67.83,0,228,2.53,6.7
34,4,15,149.85,194.85,0,7,0.08,192.9
34,5,7,55.93,69.93,0,17,0.19,37.1
34,6,24,167.76,359.76,0,77,0.86,28.1
34,7,5,59.95,79.95,0,53,0.59,8.5
34,8,68,271.32,475.32,0,112,1.24,54.6
34,9,0,0.0,0.0,1,258,2.87,0.0
34,10,57,626.4300000000001,854.4300000000001,0,137,1.52,37.4
34,11,18,197.82,377.82,0,17,0.19,95.3
34,12,6,53.94,71.94,0,36,0.4,15.0
34,13,3,44.97,62.97,0,62,0.69,4.4
34,14,5,29.950000000000003,54.95,0,63,0.7,7.1
34,15,10,39.900000000000006,59.900000000000006,0,47,0.52,19.1
34,16,7,20.93,69.93,0,22,0.24,28.6
34,17,19,265.81,379.80999999999995,0,40,0.44,42.8
34,18,12,419.88,479.88,0,205,2.28,5.3
34,19,14,195.86,223.86,0,283,3.14,4.5
34,20,17,152.83,424.83,0,0,0.0,
34,21,22,153.78,219.78,0,57,0.63,34.7
34,22,15,209.85,299.84999999999997,0,31,0.34,43.5
34,23,13,64.87,129.87,0,0,0.0,
34,24,28,419.72,559.7199999999999,0,97,1.08,26.0
34,25,131,260.69,391.69000000000005,0,694,7.71,17.0
34,26,3,62.97,74.97,0,5,0.06,54.0
34,27,12,47.88,59.88,0,39,0.43,27.7
34,28,13,51.870000000000005,142.87,0,167,1.86,7.0
34,29,3,26.97,59.97,0,26,0.29,10.4
34,30,53,953.4699999999999,1059.47,0,133,1.48,35.9
34,31,30,239.70000000000002,269.7,0,174,1.93,15.5
34,32,19,227.81,284.81,0,25,0.28,68.4
34,33,9,98.91,116.91,0,0,0.0,
34,34,17,356.83,441.83,0,6,0.07,255.0
34,35,20,79.80000000000001,159.8,0,0,0.0,
35,1,8,79.92,127.92,0,46,0.51,15.7
35,2,37,369.63,480.63,0,75,0.83,44.4
35,3,12,23.88,47.88,0,203,2.26,5.3
35,6,31,216.69,464.69,0,231,2.57,12.1
35,7,10,119.9,159.9,0,66,0.73,13.6
35,8,77,307.23,538.23,0,247,2.74,28.1
35,9,4,39.96,43.96,0,113,1.26,3.2
35,10,86,945.14,1289.14,0,192,2.13,40.3
35,11,8,87.92,167.92,0,0,0.0,
35,12,15,134.85,179.85,0,21,0.23,64.3
35,13,3,44.97,62.97,0,15,0.17,18.0
35,14,38,227.62,417.62,0,70,0.78,48.9
35,15,0,0.0,0.0,1,102,1.13,0.0
35,17,10,139.9,199.89999999999998,0,16,0.18,56.2
35,18,11,384.89000000000004,439.89000000000004,0,133,1.48,7.4
35,19,44,615.5600000000001,703.5600000000001,0,350,3.89,11.3
35,21,6,41.94,59.94,0,29,0.32,18.6
35,23,5,24.950000000000003,49.95,0,39,0.43,11.5
35,24,44,659.5600000000001,879.56,0,49,0.54,80.8
35,25,14,27.86,41.86,0,421,4.68,3.0
35,26,5,104.94999999999999,124.94999999999999,0,11,0.12,40.9
35,27,16,63.84,79.84,0,57,0.63,25.3
35,28,20,79.80000000000001,219.8,0,44,0.49,40.9
35,29,11,98.89,219.89,0,18,0.2,55.0
35,30,10,179.89999999999998,199.89999999999998,0,59,0.66,15.3
35,31,74,591.26,665.26,0,111,1.23,60.0
35,32,20,239.8,299.8,0,28,0.31,64.3
35,33,14,153.86,181.86,0,0,0.0,
35,34,9,188.91,233.91,0,14,0.16,57.9
36,1,2,19.98,31.98,0,61,0.68,3.0
36,2,26,259.74,337.74,0,86,0.96,27.2
36,3,26,51.74,103.74000000000001,0,19,0.21,123.2
36,4,0,0.0,0.0,1,54,0.6,0.0
36,5,3,23.97,29.97,0,64,0.71,4.2
36,6,27,188.73000000000002,404.73,0,122,1.36,19.9
36,7,15,179.85,239.85,0,7,0.08,192.9
36,8,58,231.42000000000002,405.42,0,286,3.18,18.3
36,9,19,189.81,208.81,0,40,0.44,42.8
36,10,33,362.67,494.67,0,164,1.82,18.1
36,11,1,10.99,20.99,0,27,0.3,3.3
36,12,1,8.99,11.99,0,28,0.31,3.2
36,13,18,269.82,377.82,0,131,1.46,12.4
36,14,110,658.9,1208.9,0,42,0.47,235.7
36,15,2,7.98,11.98,0,138,1.53,1.3
36,16,7,20.93,69.93,0,12,0.13,52.5
36,17,12,167.88,239.88,0,19,0.21,56.8
36,18,4,139.96,159.96,0,30,0.33,12.0
36,19,28,391.72,447.72,0,93,1.03,27.1
36,20,2,17.98,49.98,0,0,0.0,
36,21,33,230.67000000000002,329.67,0,6,0.07,495.0
36,22,21,293.79,419.78999999999996,0,0,0.0,
36,23,19,94.81,189.81,0,0,0.0,
36,24,9,134.91,179.91,0,132,1.47,6.1
36,25,125,248.75,373.75,0,127,1.41,88.6
36,26,7,146.92999999999998,174.92999999999998,0,32,0.36,19.7
36,27,46,183.54000000000002,229.54000000000002,0,0,0.0,
36,28,7,27.93,76.93,0,22,0.24,28.6
36,29,14,125.86,279.85999999999996,0,0,0.0,
36,30,15,269.84999999999997,299.84999999999997,0,104,1.16,13.0
36,31,6,47.94,53.94,0,93,1.03,5.8
36,32,7,83.93,104.93,0,12,0.13,52.5
36,33,21,230.79,272.79,0,26,0.29,72.7
36,34,2,41.98,51.98,0,0,0.0,
36,35,12,47.88,95.88,0,0,0.0,
37,1,23,229.77,367.77,0,244,2.71,8.5
37,2,3,29.97,38.97,0,242,2.69,1.1
37,3,4,7.96,15.96,0,495,5.5,0.7
37,4,4,39.96,51.96,0,49,0.54,7.3
37,5,2,15.98,19.98,0,0,0.0,
37,6,17,118.83,254.83,0,55,0.61,27.8
37,7,16,191.84,255.84,0,59,0.66,24.4
37,8,129,514.71,901.71,0,82,0.91,141.6
37,9,10,99.9,109.9,0,271,3.01,3.3
37,10,34,373.66,509.66,0,178,1.98,17.2
37,11,7,76.93,146.92999999999998,0,104,1.16,6.1
37,12,11,98.89,131.89000000000001,0,60,0.67,16.5
37,13,21,314.79,440.78999999999996,0,33,0.37,57.3
37,14,5,29.950000000000003,54.95,0,77,0.86,5.8
37,15,4,15.96,23.96,0,71,0.79,5.1
37,16,6,17.94,59.94,0,14,0.16,38.6
37,17,7,97.93,139.92999999999998,0,186,2.07,3.4
37,18,6,209.94,239.94,0,229,2.54,2.4
37,19,69,965.3100000000001,1103.31,0,272,3.02,22.8
37,20,11,98.89,274.89,0,0,0.0,
37,21,53,370.47,529.47,0,438,4.87,10.9
37,22,9,125.91,179.91,0,13,0.14,62.3
37,23,0,0.0,0.0,1,37,0.41,0.0
37,24,27,404.73,539.7299999999999,0,85,0.94,28.6
37,25,34,67.66,101.66000000000001,0,209,2.32,14.6
37,26,11,230.89,274.89,0,25,0.28,39.6
37,27,18,71.82000000000001,89.82000000000001,0,15,0.17,108.0
37,28,4,15.96,43.96,0,76,0.84,4.7
37,29,5,44.95,99.94999999999999,0,31,0.34,14.5
37,30,35,629.65,699.65,0,86,0.96,36.6
37,31,14,111.86,125.86,0,132,1.47,9.5
37,32,0,0.0,0.0,1,34,0.38,0.0
37,33,10,109.9,129.9,0,29,0.32,31.0
37,34,13,272.87,337.87,0,37,0.41,31.6
37,35,14,55.86,111.86,0,17,0.19,74.1
38,1,21,209.79,335.79,0,126,1.4,15.0
38,2,34,339.66,441.66,0,84,0.93,36.4
38,3,54,107.46,215.46,0,312,3.47,15.6
38,4,15,149.85,194.85,0,36,0.4,37.5
38,5,20,159.8,199.8,0,47,0.52,38.3
38,6,54,377.46000000000004,809.46,0,107,1.19,45.4
38,7,84,1007.16,1343.16,0,201,2.23,37.6
38,8,94,375.06,657.0600000000001,0,267,2.97,31.7
38,9,6,59.94,65.94,0,347,3.86,1.6
38,10,68,747.32,1019.32,0,13,0.14,470.8
38,11,2,21.98,41.98,0,11,0.12,16.4
38,12,0,0.0,0.0,1,14,0.16,0.0
38,13,21,314.79,440.78999999999996,0,8,0.09,236.2
38,14,7,41.93,76.93,0,44,0.49,14.3
38,15,5,19.950000000000003,29.950000000000003,0,48,0.53,9.4
38,16,6,17.94,59.94,0,49,0.54,11.0
38,17,24,335.76,479.76,0,86,0.96,25.1
38,18,10,349.90000000000003,399.90000000000003,0,67,0.74,13.4
38,19,7,97.93,111.93,0,369,4.1,1.7
38,20,11,98.89,274.89,0,18,0.2,55.0
38,21,63,440.37,629.37,0,461,5.12,12.3
38,22,8,111.92,159.92,0,23,0.26,31.3
38,23,27,134.73000000000002,269.73,0,35,0.39,69.4
38,24,11,164.89000000000001,219.89,0,66,0.73,15.0
38,25,57,113.42999999999999,170.43,0,241,2.68,21.3
38,26,17,356.83,424.83,0,22,0.24,69.5
38,27,24,95.76,119.76,0,64,0.71,33.8
38,28,26,103.74000000000001,285.74,0,169,1.88,13.8
38,29,25,224.75,499.74999999999994,0,5,0.06,450.0
38,30,7,125.92999999999999,139.92999999999998,0,128,1.42,4.9
38,31,17,135.83,152.83,0,72,0.8,21.2
38,32,20,239.8,299.8,0,21,0.23,85.7
38,33,9,98.91,116.91,0,6,0.07,135.0
38,34,18,377.82,467.82,0,48,0.53,33.8
38,35,2,7.98,15.98,0,24,0.27,7.5
39,1,0,0.0,0.0,1,165,1.83,0.0
39,2,9,89.91,116.91,0,105,1.17,7.7
39,3,13,25.87,51.870000000000005,0,381,4.23,3.1
39,6,11,76.89,164.89000000000001,0,7,0.08,141.4
39,7,21,251.79,335.79,0,106,1.18,17.8
39,8,90,359.1,629.1,0,185,2.06,43.8
39,9,6,59.94,65.94,0,92,1.02,5.9
39,10,49,538.51,734.51,0,246,2.73,17.9
39,11,2,21.98,41.98,0,88,0.98,2.0
39,12,3,26.97,35.97,0,66,0.73,4.1
39,13,15,224.85,314.84999999999997,0,7,0.08,192.9
39,14,12,71.88,131.88,0,140,1.56,7.7
39,15,0,0.0,0.0,1,143,1.59,0.0
39,17,35,489.65000000000003,699.65,0,135,1.5,23.3
39,18,22,769.7800000000001,879.7800000000001,0,174,1.93,11.4
39,19,9,125.91,143.91,0,430,4.78,1.9
39,21,5,34.95,49.95,0,38,0.42,11.8
39,23,5,24.950000000000003,49.95,0,21,0.23,21.4
39,24,58,869.42,1159.4199999999998,0,117,1.3,44.6
39,25,40,79.6,119.60000000000001,0,787,8.74,4.6
39,26,8,167.92,199.92,0,31,0.34,23.2
39,27,16,63.84,79.84,0,88,0.98,16.4
39,28,0,0.0,0.0,1,67,0.74,0.0
39,29,16,143.84,319.84,0,33,0.37,43.6
39,30,19,341.80999999999995,379.80999999999995,0,132,1.47,13.0
39,31,15,119.85000000000001,134.85,0,318,3.53,4.2
39,32,5,59.95,74.95,0,22,0.24,20.5
39,33,14,153.86,181.86,0,34,0.38,37.1
39,34,4,83.96,103.96,0,8,0.09,45.0
40,1,10,99.9,159.9,0,131,1.46,6.9
40,2,29,289.71,376.71,0,91,1.01,28.7
40,3,9,17.91,35.910000000000004,0,148,1.64,5.5
40,6,29,202.71,434.71,0,62,0.69,42.1
40,7,4,47.96,63.96,0,52,0.58,6.9
40,8,61,243.39000000000001,426.39,0,111,1.23,49.5
40,9,11,109.89,120.89,0,172,1.91,5.8
40,10,66,725.34,989.34,0,119,1.32,49.9
40,11,10,109.9,209.89999999999998,0,69,0.77,13.0
40,12,2,17.98,23.98,0,35,0.39,5.1
40,13,2,29.98,41.98,0,17,0.19,10.6
40,14,13,77.87,142.87,0,24,0.27,48.8
40,15,1,3.99,5.99,0,92,1.02,1.0
40,17,19,265.81,379.80999999999995,0,151,1.68,11.3
40,18,26,909.74,1039.74,0,125,1.39,18.7
40,19,23,321.77,367.77,0,325,3.61,6.4
40,21,10,69.9,99.9,0,3,0.03,300.0
40,23,10,49.900000000000006,99.9,0,2,0.02,450.0
40,24,33,494.67,659.67,0,58,0.64,51.2
40,25,13,25.87,38.870000000000005,0,355,3.94,3.3
40,26,4,83.96,99.96,0,10,0.11,36.0
40,27,25,99.75,124.75,0,25,0.28,90.0
40,28,0,0.0,0.0,1,132,1.47,0.0
40,29,1,8.99,19.99,0,9,0.1,10.0
40,30,28,503.71999999999997,559.7199999999999,0,53,0.59,47.5
40,31,5,39.95,44.95,0,242,2.69,1.9
40,32,7,83.93,104.93,0,19,0.21,33.2
40,33,16,175.84,207.84,0,3,0.03,480.0
40,34,5,104.94999999999999,129.95,0,19,0.21,23.7
41,1,21,209.79,335.79,0,91,1.01,20.8
41,2,19,189.81,246.81,0,109,1.21,15.7
41,3,63,125.37,251.37,0,244,2.71,23.2
41,4,0,0.0,0.0,1,34,0.38,0.0
41,5,8,63.92,79.92,0,46,0.51,15.7
41,6,7,48.93,104.93,0,84,0.93,7.5
41,7,14,167.86,223.86,0,178,1.98,7.1
41,8,32,127.68,223.68,0,232,2.58,12.4
41,9,18,179.82,197.82,0,113,1.26,14.3
41,10,94,1033.06,1409.06,0,187,2.08,45.2
41,11,0,0.0,0.0,1,71,0.79,0.0
41,12,19,170.81,227.81,0,9,0.1,190.0
41,13,6,89.94,125.94,0,159,1.77,3.4
41,14,6,35.94,65.94,0,43,0.48,12.6
41,15,6,23.94,35.94,0,143,1.59,3.8
41,16,17,50.830000000000005,169.83,0,31,0.34,49.4
41,17,3,41.97,59.97,0,75,0.83,3.6
41,18,9,314.91,359.91,0,270,3.0,3.0
41,19,100,1399.0,1599.0,0,354,3.93,25.4
41,20,17,152.83,424.83,0,9,0.1,170.0
41,21,29,202.71,289.71,0,102,1.13,25.6
41,22,9,125.91,179.91,0,11,0.12,73.6
41,23,19,94.81,189.81,0,96,1.07,17.8
41,24,4,59.96,79.96,0,111,1.23,3.2
41,25,19,37.81,56.81,0,595,6.61,2.9
41,26,2,41.98,49.98,0,44,0.49,4.1
41,27,25,99.75,124.75,0,86,0.96,26.2
41,28,0,0.0,0.0,1,237,2.63,0.0
41,29,0,0.0,0.0,1,58,0.64,0.0
41,30,74,1331.26,1479.26,0,120,1.33,55.5
41,31,18,143.82,161.82,0,229,2.54,7.1
41,32,29,347.71,434.71,0,26,0.29,100.4
41,33,13,142.87,168.87,0,58,0.64,20.2
41,34,15,314.84999999999997,389.84999999999997,0,0,0.0,
41,35,10,39.900000000000006,79.9,0,68,0.76,13.2
42,1,8,79.92,127.92,0,40,0.44,18.0
42,2,10,99.9,129.9,0,80,0.89,11.2
42,3,32,63.68,127.68,0,88,0.98,32.7
42,4,11,109.89,142.89000000000001,0,19,0.21,52.1
42,5,12,95.88,119.88,0,7,0.08,154.3
42,6,29,202.71,434.71,0,373,4.14,7.0
42,7,7,83.93,111.93,0,66,0.73,9.5
42,8,54,215.46,377.46000000000004,0,389,4.32,12.5
42,9,30,299.7,329.7,0,228,2.53,11.8
42,10,39,428.61,584.61,0,46,0.51,76.3
42,11,20,219.8,419.79999999999995,0,64,0.71,28.1
42,12,10,89.9,119.9,0,70,0.78,12.9
42,13,7,104.93,146.92999999999998,0,43,0.48,14.7
42,14,13,77.87,142.87,0,70,0.78,16.7
42,15,3,11.97,17.97,0,47,0.52,5.7
42,16,0,0.0,0.0,1,8,0.09,0.0
42,17,11,153.89000000000001,219.89,0,38,0.42,26.1
42,18,21,734.7900000000001,839.7900000000001,0,259,2.88,7.3
42,19,44,615.5600000000001,703.5600000000001,0,337,3.74,11.8
42,20,8,71.92,199.92,0,19,0.21,37.9
42,21,69,482.31,689.3100000000001,0,66,0.73,94.1
42,22,7,97.93,139.92999999999998,0,7,0.08,90.0
42,23,31,154.69,309.69,0,5,0.06,558.0
42,24,69,1034.31,1379.31,0,71,0.79,87.5
42,25,46,91.54,137.54000000000002,0,235,2.61,17.6
42,26,18,377.82,449.82,0,50,0.56,32.4
42,27,23,91.77000000000001,114.77000000000001,0,59,0.66,35.1
42,28,0,0.0,0.0,1,105,1.17,0.0
42,29,35,314.65000000000003,699.65,0,23,0.26,137.0
42,30,9,161.91,179.91,0,123,1.37,6.6
42,31,11,87.89,98.89,0,64,0.71,15.5
42,32,4,47.96,59.96,0,5,0.06,72.0
42,33,18,197.82,233.82,0,1,0.01,1620.0
42,34,34,713.66,883.66,0,0,0.0,
42,35,13,51.870000000000005,103.87,0,20,0.22,58.5
43,1,24,239.76,383.76,0,77,0.86,28.1
43,2,8,79.92,103.92,0,67,0.74,10.7
43,3,20,39.8,79.80000000000001,0,256,2.84,7.0
43,6,18,125.82000000000001,269.82,0,218,2.42,7.4
43,7,25,299.75,399.75,0,83,0.92,27.1
43,8,71,283.29,496.29,0,294,3.27,21.7
43,9,4,39.96,43.96,0,58,0.64,6.2
43,10,49,538.51,734.51,0,55,0.61,80.2
43,11,3,32.97,62.97,0,62,0.69,4.4
43,12,3,26.97,35.97,0,55,0.61,4.9
43,13,12,179.88,251.88,0,81,0.9,13.3
43,14,16,95.84,175.84,0,18,0.2,80.0
43,15,10,39.900000000000006,59.900000000000006,0,81,0.9,11.1
43,17,18,251.82,359.82,0,54,0.6,30.0
43,18,16,559.84,639.84,0,90,1.0,16.0
43,19,17,237.83,271.83,0,346,3.84,4.4
43,21,9,62.910000000000004,89.91,0,38,0.42,21.3
43,23,2,9.98,19.98,0,38,0.42,4.7
43,24,16,239.84,319.84,0,163,1.81,8.8
43,25,55,109.45,164.45000000000002,0,507,5.63,9.8
43,26,6,125.94,149.94,0,25,0.28,21.6
43,27,29,115.71000000000001,144.71,0,48,0.53,54.4
43,28,4,15.96,43.96,0,35,0.39,10.3
43,29,9,80.91,179.91,0,16,0.18,50.6
43,30,14,251.85999999999999,279.85999999999996,0,101,1.12,12.5
43,31,18,143.82,161.82,0,121,1.34,13.4
43,32,38,455.62,569.62,0,12,0.13,285.0
43,33,5,54.95,64.95,0,28,0.31,16.1
43,34,7,146.92999999999998,181.92999999999998,0,18,0.2,35.0
44,1,0,0.0,0.0,1,136,1.51,0.0
44,2,4,39.96,51.96,0,144,1.6,2.5
44,3,19,37.81,75.81,0,431,4.79,4.0
44,5,14,111.86,139.86,0,15,0.17,84.0
44,6,2,13.98,29.98,0,314,3.49,0.6
44,7,17,203.83,271.83,0,94,1.04,16.3
44,8,33,131.67000000000002,230.67000000000002,0,153,1.7,19.4
44,10,41,450.59000000000003,614.59,0,100,1.11,36.9
44,11,0,0.0,0.0,1,129,1.43,0.0
44,14,7,41.93,76.93,0,80,0.89,7.9
44,15,4,15.96,23.96,0,85,0.94,4.2
44,16,3,8.97,29.97,0,0,0.0,
44,17,10,139.9,199.89999999999998,0,27,0.3,33.3
44,18,117,4093.8300000000004,4678.83,0,257,2.86,41.0
44,24,6,89.94,119.94,0,66,0.73,8.2
44,25,26,51.74,77.74000000000001,0,325,3.61,7.2
44,27,24,95.76,119.76,0,41,0.46,52.7
44,30,26,467.73999999999995,519.74,0,70,0.78,33.4
44,31,8,63.92,71.92,0,137,1.52,5.3
44,32,29,347.71,434.71,0,0,0.0,
44,33,0,0.0,0.0,1,39,0.43,0.0
44,34,22,461.78,571.78,0,0,0.0,
45,1,26,259.74,415.74,0,83,0.92,28.2
45,2,23,229.77,298.77,0,210,2.33,9.9
45,3,63,125.37,251.37,0,151,1.68,37.5
45,6,8,55.92,119.92,0,222,2.47,3.2
45,7,15,179.85,239.85,0,77,0.86,17.5
45,8,8,31.92,55.92,0,150,1.67,4.8
45,9,0,0.0,0.0,1,358,3.98,0.0
45,10,42,461.58,629.58,0,94,1.04,40.2
45,11,10,109.9,209.89999999999998,0,26,0.29,34.6
45,12,8,71.92,95.92,0,9,0.1,80.0
45,13,15,224.85,314.84999999999997,0,51,0.57,26.5
45,14,18,107.82000000000001,197.82,0,68,0.76,23.8
45,15,19,75.81,113.81,0,107,1.19,16.0
45,17,4,55.96,79.96,0,56,0.62,6.4
45,18,14,489.86,559.86,0,76,0.84,16.6
45,19,75,1049.25,1199.25,0,112,1.24,60.3
45,21,14,97.86,139.86,0,36,0.4,35.0
45,23,16,79.84,159.84,0,71,0.79,20.3
45,24,26,389.74,519.74,0,96,1.07,24.4
45,25,57,113.42999999999999,170.43,0,345,3.83,14.9
45,26,14,293.85999999999996,349.85999999999996,0,0,0.0,
45,27,14,55.86,69.86,0,45,0.5,28.0
45,28,0,0.0,0.0,1,24,0.27,0.0
45,29,4,35.96,79.96,0,6,0.07,60.0
45,30,36,647.64,719.64,0,63,0.7,51.4
45,31,6,47.94,53.94,0,24,0.27,22.5
45,32,6,71.94,89.94,0,58,0.64,9.3
45,33,7,76.93,90.93,0,0,0.0,
45,34,3,62.97,77.97,0,81,0.9,3.3
46,1,11,109.89,175.89000000000001,0,130,1.44,7.6
46,2,3,29.97,38.97,0,173,1.92,1.6
46,3,24,47.76,95.76,0,381,4.23,5.7
46,6,65,454.35,974.35,0,438,4.87,13.4
46,7,15,179.85,239.85,0,36,0.4,37.5
46,8,74,295.26,517.26,0,139,1.54,47.9
46,9,22,219.78,241.78,0,78,0.87,25.4
46,10,71,780.29,1064.29,0,220,2.44,29.0
46,11,12,131.88,251.88,0,81,0.9,13.3
46,12,13,116.87,155.87,0,82,0.91,14.3
46,13,6,89.94,125.94,0,21,0.23,25.7
46,14,29,173.71,318.71,0,73,0.81,35.8
46,15,6,23.94,35.94,0,92,1.02,5.9
46,17,40,559.6,799.5999999999999,0,0,0.0,
46,18,21,734.7900000000001,839.7900000000001,0,103,1.14,18.3
46,19,58,811.42,927.42,0,252,2.8,20.7
46,21,2,13.98,19.98,0,16,0.18,11.2
46,23,23,114.77000000000001,229.77,0,58,0.64,35.7
46,24,10,149.9,199.89999999999998,0,131,1.46,6.9
46,25,37,73.63,110.63000000000001,0,328,3.64,10.2
46,26,14,293.85999999999996,349.85999999999996,0,0,0.0,
46,27,25,99.75,124.75,0,44,0.49,51.1
46,28,1,3.99,10.99,0,72,0.8,1.2
46,29,3,26.97,59.97,0,8,0.09,33.8
46,30,9,161.91,179.91,0,129,1.43,6.3
46,31,13,103.87,116.87,0,79,0.88,14.8
46,32,8,95.92,119.92,0,0,0.0,
46,33,11,120.89,142.89000000000001,0,12,0.13,82.5
46,34,24,503.76,623.76,0,36,0.4,60.0
47,1,11,109.89,175.89000000000001,0,40,0.44,24.8
47,2,15,149.85,194.85,0,279,3.1,4.8
47,3,74,147.26,295.26,0,207,2.3,32.2
47,6,11,76.89,164.89000000000001,0,105,1.17,9.4
47,7,4,47.96,63.96,0,62,0.69,5.8
47,8,70,279.3,489.3,0,120,1.33,52.5
47,9,6,59.94,65.94,0,168,1.87,3.2
47,10,20,219.8,299.8,0,217,2.41,8.3
47,11,10,109.9,209.89999999999998,0,98,1.09,9.2
47,12,5,44.95,59.95,0,84,0.93,5.4
47,13,15,224.85,314.84999999999997,0,43,0.48,31.4
47,14,11,65.89,120.89,0,47,0.52,21.1
47,15,3,11.97,17.97,0,80,0.89,3.4
47,17,8,111.92,159.92,0,134,1.49,5.4
47,18,12,419.88,479.88,0,250,2.78,4.3
47,19,68,951.32,1087.32,0,391,4.34,15.7
47,21,25,174.75,249.75,0,20,0.22,112.5
47,23,29,144.71,289.71,0,124,1.38,21.0
47,24,24,359.76,479.76,0,133,1.48,16.2
47,25,14,27.86,41.86,0,226,2.51,5.6
47,26,23,482.77,574.77,0,39,0.43,53.1
47,27,36,143.64000000000001,179.64000000000001,0,66,0.73,49.1
47,28,4,15.96,43.96,0,208,2.31,1.7
47,29,10,89.9,199.89999999999998,0,58,0.64,15.5
47,30,36,647.64,719.64,0,69,0.77,47.0
47,31,48,383.52,431.52,0,504,5.6,8.6
47,32,6,71.94,89.94,0,21,0.23,25.7
47,33,13,142.87,168.87,0,28,0.31,41.8
47,34,3,62.97,77.97,0,52,0.58,5.2
48,1,3,29.97,47.97,0,52,0.58,5.2
48,2,23,229.77,298.77,0,47,0.52,44.0
48,3,35,69.65,139.65,0,144,1.6,21.9
48,4,15,149.85,194.85,0,17,0.19,79.4
48,5,9,71.91,89.91,0,80,0.89,10.1
48,6,6,41.94,89.94,0,248,2.76,2.2
48,7,28,335.72,447.72,0,57,0.63,44.2
48,8,100,399.0,699.0,0,180,2.0,50.0
48,9,13,129.87,142.87,0,37,0.41,31.6
48,10,52,571.48,779.48,0,89,0.99,52.6
48,11,6,65.94,125.94,0,17,0.19,31.8
48,12,1,8.99,11.99,0,27,0.3,3.3
48,13,56,839.44,1175.4399999999998,0,79,0.88,63.8
48,14,11,65.89,120.89,0,184,2.04,5.4
48,15,3,11.97,17.97,0,72,0.8,3.8
48,16,5,14.950000000000001,49.95,0,13,0.14,34.6
48,17,9,125.91,179.91,0,41,0.46,19.8
48,18,10,349.90000000000003,399.90000000000003,0,109,1.21,8.3
48,19,59,825.41,943.41,0,283,3.14,18.8
48,20,10,89.9,249.89999999999998,0,0,0.0,
48,21,8,55.92,79.92,0,56,0.62,12.9
48,22,2,27.98,39.98,0,35,0.39,5.1
48,23,1,4.99,9.99,0,20,0.22,4.5
48,24,40,599.6,799.5999999999999,0,72,0.8,50.0
48,25,23,45.77,68.77000000000001,0,414,4.6,5.0
48,26,2,41.98,49.98,0,27,0.3,6.7
48,27,17,67.83,84.83,0,22,0.24,69.5
48,28,1,3.99,10.99,0,211,2.34,0.4
48,29,20,179.8,399.79999999999995,0,0,0.0,
48,30,49,881.5099999999999,979.5099999999999,0,49,0.54,90.0
48,31,41,327.59000000000003,368.59000000000003,0,251,2.79,14.7
48,32,7,83.93,104.93,0,2,0.02,315.0
48,33,0,0.0,0.0,1,7,0.08,0.0
48,34,39,818.6099999999999,1013.6099999999999,0,9,0.1,390.0
48,35,3,11.97,23.97,0,35,0.39,7.7
49,1,30,299.7,479.7,0,176,1.96,15.3
49,2,0,0.0,0.0,1,456,5.07,0.0
49,3,14,27.86,55.86,0,302,3.36,4.2
49,4,19,189.81,246.81,0,4,0.04,427.5
49,5,13,103.87,129.87,0,0,0.0,
49,6,23,160.77,344.77,0,128,1.42,16.2
49,7,24,287.76,383.76,0,95,1.06,22.7
49,8,77,307.23,538.23,0,164,1.82,42.3
49,9,25,249.75,274.75,0,343,3.81,6.6
49,10,36,395.64,539.64,0,86,0.96,37.7
49,11,18,197.82,377.82,0,92,1.02,17.6
49,12,14,125.86,167.86,0,12,0.13,105.0
49,13,18,269.82,377.82,0,66,0.73,24.5
49,14,37,221.63,406.63,0,132,1.47,25.2
49,15,0,0.0,0.0,1,163,1.81,0.0
49,16,1,2.99,9.99,0,26,0.29,3.5
49,17,9,125.91,179.91,0,79,0.88,10.3
49,18,36,1259.64,1439.64,0,103,1.14,31.5
49,19,48,671.52,767.52,0,340,3.78,12.7
49,20,13,116.87,324.87,0,6,0.07,195.0
49,21,37,258.63,369.63,0,49,0.54,68.0
49,22,8,111.92,159.92,0,19,0.21,37.9
49,23,18,89.82000000000001,179.82,0,49,0.54,33.1
49,24,23,344.77,459.77,0,146,1.62,14.2
49,25,23,45.77,68.77000000000001,0,520,5.78,4.0
49,26,19,398.80999999999995,474.80999999999995,0,35,0.39,48.9
49,27,32,127.68,159.68,0,114,1.27,25.3
49,28,10,39.900000000000006,109.9,0,84,0.93,10.7
49,29,12,107.88,239.88,0,39,0.43,27.7
49,30,3,53.97,59.97,0,80,0.89,3.4
49,31,51,407.49,458.49,0,97,1.08,47.3
49,32,11,131.89000000000001,164.89000000000001,0,39,0.43,25.4
49,33,15,164.85,194.85,0,16,0.18,84.4
49,34,2,41.98,51.98,0,48,0.53,3.8
49,35,19,75.81,151.81,0,12,0.13,142.5
50,1,18,179.82,287.82,0,17,0.19,95.3
50,2,49,489.51,636.51,0,77,0.86,57.3
50,3,22,43.78,87.78,0,303,3.37,6.5
50,4,16,159.84,207.84,0,12,0.13,120.0
50,5,3,23.97,29.97,0,5,0.06,54.0
50,6,27,188.73000000000002,404.73,0,88,0.98,27.6
50,7,13,155.87,207.87,0,70,0.78,16.7
50,8,51,203.49,356.49,0,110,1.22,41.7
50,9,7,69.93,76.93,0,161,1.79,3.9
50,10,34,373.66,509.66,0,13,0.14,235.4
50,11,20,219.8,419.79999999999995,0,45,0.5,40.0
50,12,0,0.0,0.0,1,65,0.72,0.0
50,13,15,224.85,314.84999999999997,0,49,0.54,27.6
50,14,32,191.68,351.68,0,67,0.74,43.0
50,15,16,63.84,95.84,0,87,0.97,16.6
50,16,5,14.950000000000001,49.95,0,8,0.09,56.2
50,17,6,83.94,119.94,0,59,0.66,9.2
50,18,51,1784.49,2039.49,0,285,3.17,16.1
50,19,40,559.6,639.6,0,267,2.97,13.5
50,20,17,152.83,424.83,0,20,0.22,76.5
50,21,36,251.64000000000001,359.64,0,51,0.57,63.5
50,22,1,13.99,19.99,0,8,0.09,11.2
50,23,23,114.77000000000001,229.77,0,89,0.99,23.3
50,24,10,149.9,199.89999999999998,0,111,1.23,8.1
50,25,34,67.66,101.66000000000001,0,286,3.18,10.7
50,26,9,188.91,224.91,0,2,0.02,405.0
50,27,14,55.86,69.86,0,32,0.36,39.4
50,28,0,0.0,0.0,1,91,1.01,0.0
50,29,15,134.85,299.84999999999997,0,21,0.23,64.3
50,30,4,71.96,79.96,0,31,0.34,11.6
50,31,18,143.82,161.82,0,186,2.07,8.7
50,32,9,107.91,134.91,0,15,0.17,54.0
50,33,1,10.99,12.99,0,5,0.06,18.0
50,34,17,356.83,441.83,0,30,0.33,51.0
50,35,8,31.92,63.92,0,4,0.04,180.0
